debconf: delaying package configuration, since apt-utils is not installed
mkdir -p /work/out/build/buildroot-config/lxdialog
PKG_CONFIG_PATH="" make CC="/usr/bin/gcc" HOSTCC="/usr/bin/gcc" \
    obj=/work/out/build/buildroot-config -C support/kconfig -f Makefile.br conf
make[1]: Entering directory '/work/buildroot-2024.02.10/support/kconfig'
/usr/bin/gcc -I/usr/include/ncursesw -DCURSES_LOC="<curses.h>"  -DNCURSES_WIDECHAR=1 -DLOCALE  -I/work/out/build/buildroot-config -DCONFIG_=\"\"  -MM *.c > /work/out/build/buildroot-config/.depend 2>/dev/null || :
/usr/bin/gcc -I/usr/include/ncursesw -DCURSES_LOC="<curses.h>"  -DNCURSES_WIDECHAR=1 -DLOCALE  -I/work/out/build/buildroot-config -DCONFIG_=\"\"   -c conf.c -o /work/out/build/buildroot-config/conf.o
/usr/bin/gcc -I/usr/include/ncursesw -DCURSES_LOC="<curses.h>"  -DNCURSES_WIDECHAR=1 -DLOCALE  -I/work/out/build/buildroot-config -DCONFIG_=\"\"  -I. -c /work/out/build/buildroot-config/zconf.tab.c -o /work/out/build/buildroot-config/zconf.tab.o
/usr/bin/gcc -I/usr/include/ncursesw -DCURSES_LOC="<curses.h>"  -DNCURSES_WIDECHAR=1 -DLOCALE  -I/work/out/build/buildroot-config -DCONFIG_=\"\"   /work/out/build/buildroot-config/conf.o /work/out/build/buildroot-config/zconf.tab.o  -o /work/out/build/buildroot-config/conf
rm /work/out/build/buildroot-config/zconf.tab.c
make[1]: Leaving directory '/work/buildroot-2024.02.10/support/kconfig'
  GEN     /work/out/Makefile
#
# configuration written to /work/out/.config
#
  GEN     /work/out/Makefile
/work/out/.config:4766:warning: override: reassigning to symbol BR2_TARGET_GENERIC_ROOT_PASSWD
/work/out/.config:4767:warning: override: reassigning to symbol BR2_PACKAGE_DROPBEAR
/work/out/.config:4769:warning: override: reassigning to symbol BR2_PACKAGE_UTIL_LINUX
/work/out/.config:4771:warning: override: reassigning to symbol BR2_PACKAGE_E2FSPROGS
/work/out/.config:4773:warning: override: reassigning to symbol BR2_PACKAGE_DOSFSTOOLS
/work/out/.config:4775:warning: override: reassigning to symbol BR2_PACKAGE_RAUC
/work/out/.config:4776:warning: override: reassigning to symbol BR2_PACKAGE_UBOOT_TOOLS
/work/out/.config:4777:warning: override: reassigning to symbol BR2_PACKAGE_LVM2
/work/out/.config:4778:warning: override: reassigning to symbol BR2_TARGET_UBOOT
/work/out/.config:4782:warning: override: reassigning to symbol BR2_ROOTFS_OVERLAY
#
# configuration written to /work/out/.config
#
/usr/bin/make -j1  O=/work/out HOSTCC="/usr/bin/gcc" HOSTCXX="/usr/bin/g++" syncconfig
make[1]: warning: -j1 forced in submake: resetting jobserver mode.
make[1]: Entering directory '/work/buildroot-2024.02.10'
  GEN     /work/out/Makefile
make[1]: Leaving directory '/work/buildroot-2024.02.10'
>>> host-skeleton  Extracting
>>> host-skeleton  Patching
>>> host-skeleton  Configuring
>>> host-skeleton  Building
>>> host-skeleton  Installing to host directory
# check-package DoNotInstallToHostdirUsr
>>> host-pkgconf 1.6.3 Downloading
wget -nd -t 3 -O '/work/out/build/.pkgconf-1.6.3.tar.xz.f4kgtG/output' 'https://distfiles.ariadne.space/pkgconf/pkgconf-1.6.3.tar.xz' 
--2026-06-18 21:51:03--  https://distfiles.ariadne.space/pkgconf/pkgconf-1.6.3.tar.xz
Resolving distfiles.ariadne.space (distfiles.ariadne.space)... 199.255.18.183
Connecting to distfiles.ariadne.space (distfiles.ariadne.space)|199.255.18.183|:443... connected.
HTTP request sent, awaiting response... 200 OK
Length: 291216 (284K) [application/octet-stream]
Saving to: '/work/out/build/.pkgconf-1.6.3.tar.xz.f4kgtG/output'

     0K .......... .......... .......... .......... .......... 17%  132K 2s
    50K .......... .......... .......... .......... .......... 35%  273K 1s
   100K .......... .......... .......... .......... .......... 52% 10.3M 1s
   150K .......... .......... .......... .......... .......... 70% 18.4M 0s
   200K .......... .......... .......... .......... .......... 87%  275K 0s
   250K .......... .......... .......... ....                 100% 12.9M=0.8s

2026-06-18 21:51:04 (378 KB/s) - '/work/out/build/.pkgconf-1.6.3.tar.xz.f4kgtG/output' saved [291216/291216]

pkgconf-1.6.3.tar.xz: OK (sha256: 61f0b31b0d5ea0e862b454a80c170f57bad47879c0c42bd8de89200ff62ea210)
>>> host-pkgconf 1.6.3 Extracting
xzcat /dl/pkgconf/pkgconf-1.6.3.tar.xz | tar --strip-components=1 -C /work/out/build/host-pkgconf-1.6.3   -xf -
>>> host-pkgconf 1.6.3 Patching

Applying 0001-Only-prefix-with-the-sysroot-a-subset-of-variables.patch using patch: 
patching file libpkgconf/tuple.c

Applying 0002-Revert-main-assume-modversion-insted-of-version-if-o.patch using patch: 
patching file cli/main.c
>>> host-pkgconf 1.6.3 Updating config.sub and config.guess
for file in config.guess config.sub; do for i in $(find /work/out/build/host-pkgconf-1.6.3 -name $file); do cp support/gnuconfig/$file $i; done; done
>>> host-pkgconf 1.6.3 Patching libtool
patching file /work/out/build/host-pkgconf-1.6.3/ltmain.sh
Hunk #1 succeeded at 2694 (offset 7 lines).
Hunk #2 succeeded at 4284 (offset 7 lines).
Hunk #3 succeeded at 6579 (offset 25 lines).
Hunk #4 succeeded at 6589 (offset 25 lines).
Hunk #5 succeeded at 6882 (offset 25 lines).
Hunk #6 succeeded at 7174 (offset 25 lines).
Hunk #7 succeeded at 8146 (offset 34 lines).
Hunk #8 succeeded at 10778 (offset 68 lines).
>>> host-pkgconf 1.6.3 Configuring
(cd /work/out/build/host-pkgconf-1.6.3/ && rm -rf config.cache; GIT_DIR=. PATH="/work/out/host/bin:/work/out/host/sbin:/usr/local/sbin:/usr/local/bin:/usr/sbin:/usr/bin:/sbin:/bin" PKG_CONFIG="/work/out/host/bin/pkg-config" PKG_CONFIG_SYSROOT_DIR="/" PKG_CONFIG_ALLOW_SYSTEM_CFLAGS=1 PKG_CONFIG_ALLOW_SYSTEM_LIBS=1 PKG_CONFIG_LIBDIR="/work/out/host/lib/pkgconfig:/work/out/host/share/pkgconfig" AR="/usr/bin/ar" AS="/usr/bin/as" LD="/usr/bin/ld" NM="/usr/bin/nm" CC="/usr/bin/gcc" GCC="/usr/bin/gcc" CXX="/usr/bin/g++" CPP="/usr/bin/cpp" OBJCOPY="/usr/bin/objcopy" RANLIB="/usr/bin/ranlib" CPPFLAGS="-I/work/out/host/include" CFLAGS="-O2 -I/work/out/host/include" CXXFLAGS="-O2 -I/work/out/host/include" LDFLAGS="-L/work/out/host/lib -Wl,-rpath,/work/out/host/lib" INTLTOOL_PERL=/usr/bin/perl CFLAGS="-O2 -I/work/out/host/include" LDFLAGS="-L/work/out/host/lib -Wl,-rpath,/work/out/host/lib" CC="/usr/bin/gcc" CXX="/usr/bin/g++" CONFIG_SITE=/dev/null ./configure --prefix="/work/out/host" --sysconfdir="/work/out/host/etc" --localstatedir="/work/out/host/var" --enable-shared --disable-static --disable-gtk-doc --disable-gtk-doc-html --disable-doc --disable-docs --disable-documentation --disable-debug --with-xmlto=no --with-fop=no --disable-nls --disable-dependency-tracking   )
configure: WARNING: unrecognized options: --disable-gtk-doc, --disable-gtk-doc-html, --disable-doc, --disable-docs, --disable-documentation, --disable-debug, --with-xmlto, --with-fop, --disable-nls
checking for gcc... /usr/bin/gcc
checking whether the C compiler works... yes
checking for C compiler default output file name... a.out
checking for suffix of executables... 
checking whether we are cross compiling... no
checking for suffix of object files... o
checking whether we are using the GNU C compiler... yes
checking whether /usr/bin/gcc accepts -g... yes
checking for /usr/bin/gcc option to accept ISO C89... none needed
checking whether /usr/bin/gcc understands -c and -o together... yes
checking whether C compiler accepts -Wall... yes
checking whether C compiler accepts -Wextra... yes
checking whether C compiler accepts -Wformat=2... yes
checking whether C compiler accepts -std=gnu99... yes
checking for strlcpy... no
checking for strlcat... no
checking for strndup... yes
checking for cygwin_conv_path... no
checking how to run the C preprocessor... /usr/bin/cpp
checking for grep that handles long lines and -e... /usr/bin/grep
checking for egrep... /usr/bin/grep -E
checking for ANSI C header files... yes
checking for sys/types.h... yes
checking for sys/stat.h... yes
checking for stdlib.h... yes
checking for string.h... yes
checking for memory.h... yes
checking for strings.h... yes
checking for inttypes.h... yes
checking for stdint.h... yes
checking for unistd.h... yes
checking for sys/stat.h... (cached) yes
checking for a BSD-compatible install... /usr/bin/install -c
checking whether build environment is sane... yes
checking for a thread-safe mkdir -p... /usr/bin/mkdir -p
checking for gawk... no
checking for mawk... mawk
checking whether make sets $(MAKE)... yes
checking for style of include used by make... GNU
checking whether make supports nested variables... yes
checking dependency style of /usr/bin/gcc... none
checking whether make supports nested variables... (cached) yes
checking build system type... aarch64-unknown-linux-gnu
checking host system type... aarch64-unknown-linux-gnu
checking how to print strings... printf
checking for a sed that does not truncate output... /usr/bin/sed
checking for fgrep... /usr/bin/grep -F
checking for ld used by /usr/bin/gcc... /usr/bin/ld
checking if the linker (/usr/bin/ld) is GNU ld... yes
checking for BSD- or MS-compatible name lister (nm)... /usr/bin/nm
checking the name lister (/usr/bin/nm) interface... BSD nm
checking whether ln -s works... yes
checking the maximum length of command line arguments... 1572864
checking how to convert aarch64-unknown-linux-gnu file names to aarch64-unknown-linux-gnu format... func_convert_file_noop
checking how to convert aarch64-unknown-linux-gnu file names to toolchain format... func_convert_file_noop
checking for /usr/bin/ld option to reload object files... -r
checking for objdump... objdump
checking how to recognize dependent libraries... pass_all
checking for dlltool... no
checking how to associate runtime and link libraries... printf %s\n
checking for archiver @FILE support... @
checking for strip... strip
checking for ranlib... /usr/bin/ranlib
checking command to parse /usr/bin/nm output from /usr/bin/gcc object... ok
checking for sysroot... no
checking for a working dd... /usr/bin/dd
checking how to truncate binary pipes... /usr/bin/dd bs=4096 count=1
checking for mt... mt
checking if mt is a manifest tool... no
checking for dlfcn.h... yes
checking for objdir... .libs
checking if /usr/bin/gcc supports -fno-rtti -fno-exceptions... no
checking for /usr/bin/gcc option to produce PIC... -fPIC -DPIC
checking if /usr/bin/gcc PIC flag -fPIC -DPIC works... yes
checking if /usr/bin/gcc static flag -static works... yes
checking if /usr/bin/gcc supports -c -o file.o... yes
checking if /usr/bin/gcc supports -c -o file.o... (cached) yes
checking whether the /usr/bin/gcc linker (/usr/bin/ld) supports shared libraries... yes
checking whether -lc should be explicitly linked in... no
checking dynamic linker characteristics... GNU/Linux ld.so
checking how to hardcode library paths into programs... immediate
checking whether stripping libraries is possible... yes
checking if libtool supports shared libraries... yes
checking whether to build shared libraries... yes
checking whether to build static libraries... no
checking for special C compiler options needed for large files... no
checking for _FILE_OFFSET_BITS value needed for large files... no
checking how to run the C preprocessor... /usr/bin/cpp
checking for gcc... (cached) /usr/bin/gcc
checking whether we are using the GNU C compiler... (cached) yes
checking whether /usr/bin/gcc accepts -g... (cached) yes
checking for /usr/bin/gcc option to accept ISO C89... (cached) none needed
checking whether /usr/bin/gcc understands -c and -o together... (cached) yes
checking whether ln -s works... yes
checking that generated files are newer than configure... done
configure: creating ./config.status
config.status: creating Makefile
config.status: creating Kyuafile
config.status: creating libpkgconf.pc
config.status: creating tests/Kyuafile
config.status: creating tests/test_env.sh
config.status: creating libpkgconf/config.h
config.status: executing depfiles commands
config.status: executing libtool commands
configure: WARNING: unrecognized options: --disable-gtk-doc, --disable-gtk-doc-html, --disable-doc, --disable-docs, --disable-documentation, --disable-debug, --with-xmlto, --with-fop, --disable-nls
>>> host-pkgconf 1.6.3 Building
GIT_DIR=. PATH="/work/out/host/bin:/work/out/host/sbin:/usr/local/sbin:/usr/local/bin:/usr/sbin:/usr/bin:/sbin:/bin" PKG_CONFIG="/work/out/host/bin/pkg-config" PKG_CONFIG_SYSROOT_DIR="/" PKG_CONFIG_ALLOW_SYSTEM_CFLAGS=1 PKG_CONFIG_ALLOW_SYSTEM_LIBS=1 PKG_CONFIG_LIBDIR="/work/out/host/lib/pkgconfig:/work/out/host/share/pkgconfig"  /usr/bin/make   -C /work/out/build/host-pkgconf-1.6.3/
make[1]: Entering directory '/work/out/build/host-pkgconf-1.6.3'
  CC       libpkgconf/audit.lo
  CC       libpkgconf/cache.lo
  CC       libpkgconf/client.lo
  CC       libpkgconf/pkg.lo
  CC       libpkgconf/bsdstubs.lo
  CC       libpkgconf/fragment.lo
  CC       libpkgconf/argvsplit.lo
  CC       libpkgconf/fileio.lo
  CC       libpkgconf/tuple.lo
  CC       libpkgconf/dependency.lo
  CC       libpkgconf/queue.lo
  CC       libpkgconf/path.lo
  CC       libpkgconf/personality.lo
  CC       libpkgconf/parser.lo
  CC       cli/pkgconf-main.o
  CC       cli/pkgconf-getopt_long.o
  CC       cli/pkgconf-renderer-msvc.o
  CCLD     libpkgconf.la
  CCLD     pkgconf
make[1]: Leaving directory '/work/out/build/host-pkgconf-1.6.3'
>>> host-pkgconf 1.6.3 Installing to host directory
GIT_DIR=. PATH="/work/out/host/bin:/work/out/host/sbin:/usr/local/sbin:/usr/local/bin:/usr/sbin:/usr/bin:/sbin:/bin" PKG_CONFIG="/work/out/host/bin/pkg-config" PKG_CONFIG_SYSROOT_DIR="/" PKG_CONFIG_ALLOW_SYSTEM_CFLAGS=1 PKG_CONFIG_ALLOW_SYSTEM_LIBS=1 PKG_CONFIG_LIBDIR="/work/out/host/lib/pkgconfig:/work/out/host/share/pkgconfig"  /usr/bin/make  install -C /work/out/build/host-pkgconf-1.6.3/
make[1]: Entering directory '/work/out/build/host-pkgconf-1.6.3'
make[2]: Entering directory '/work/out/build/host-pkgconf-1.6.3'
 /usr/bin/mkdir -p '/work/out/host/lib'
 /usr/bin/mkdir -p '/work/out/host/share/doc/pkgconf'
 /usr/bin/mkdir -p '/work/out/host/share/aclocal'
 /bin/bash ./libtool   --mode=install /usr/bin/install -c   libpkgconf.la '/work/out/host/lib'
 /usr/bin/mkdir -p '/work/out/host/share/man/man1'
 /usr/bin/install -c -m 644 README.md AUTHORS '/work/out/host/share/doc/pkgconf'
 /usr/bin/install -c -m 644 pkg.m4 '/work/out/host/share/aclocal'
 /usr/bin/install -c -m 644 man/pkgconf.1 '/work/out/host/share/man/man1'
 /usr/bin/mkdir -p '/work/out/host/share/man/man5'
 /usr/bin/mkdir -p '/work/out/host/share/man/man7'
 /usr/bin/mkdir -p '/work/out/host/include/pkgconf'
 /usr/bin/install -c -m 644 man/pc.5 man/pkgconf-personality.5 '/work/out/host/share/man/man5'
 /usr/bin/mkdir -p '/work/out/host/include/pkgconf/libpkgconf'
 /usr/bin/install -c -m 644 man/pkg.m4.7 '/work/out/host/share/man/man7'
 /usr/bin/install -c -m 644  libpkgconf/bsdstubs.h libpkgconf/iter.h libpkgconf/libpkgconf.h libpkgconf/stdinc.h libpkgconf/libpkgconf-api.h '/work/out/host/include/pkgconf/libpkgconf'
 /usr/bin/mkdir -p '/work/out/host/lib/pkgconfig'
libtool: install: /usr/bin/install -c .libs/libpkgconf.so.3.0.0 /work/out/host/lib/libpkgconf.so.3.0.0
 /usr/bin/install -c -m 644 libpkgconf.pc '/work/out/host/lib/pkgconfig'
libtool: install: (cd /work/out/host/lib && { ln -s -f libpkgconf.so.3.0.0 libpkgconf.so.3 || { rm -f libpkgconf.so.3 && ln -s libpkgconf.so.3.0.0 libpkgconf.so.3; }; })
libtool: install: (cd /work/out/host/lib && { ln -s -f libpkgconf.so.3.0.0 libpkgconf.so || { rm -f libpkgconf.so && ln -s libpkgconf.so.3.0.0 libpkgconf.so; }; })
libtool: install: /usr/bin/install -c .libs/libpkgconf.lai /work/out/host/lib/libpkgconf.la
libtool: finish: PATH="/work/out/host/bin:/work/out/host/sbin:/usr/local/sbin:/usr/local/bin:/usr/sbin:/usr/bin:/sbin:/bin:/sbin" ldconfig -n /work/out/host/lib
----------------------------------------------------------------------
Libraries have been installed in:
   /work/out/host/lib

If you ever happen to want to link against installed libraries
in a given directory, LIBDIR, you must either use libtool, and
specify the full pathname of the library, or use the '-LLIBDIR'
flag during linking and do at least one of the following:
   - add LIBDIR to the 'LD_LIBRARY_PATH' environment variable
     during execution
   - add LIBDIR to the 'LD_RUN_PATH' environment variable
     during linking
   - use the '-Wl,-rpath -Wl,LIBDIR' linker flag
   - have your system administrator add LIBDIR to '/etc/ld.so.conf'

See any operating system documentation about shared libraries for
more information, such as the ld(1) and ld.so(8) manual pages.
----------------------------------------------------------------------
 /usr/bin/mkdir -p '/work/out/host/bin'
  /bin/bash ./libtool   --mode=install /usr/bin/install -c pkgconf '/work/out/host/bin'
libtool: install: /usr/bin/install -c pkgconf /work/out/host/bin/pkgconf
make[2]: Leaving directory '/work/out/build/host-pkgconf-1.6.3'
make[1]: Leaving directory '/work/out/build/host-pkgconf-1.6.3'
/usr/bin/install -m 0755 -D package/pkgconf/pkg-config.in /work/out/host/bin/pkg-config
/usr/bin/sed -i -e 's,@STAGING_SUBDIR@,aarch64-buildroot-linux-gnu/sysroot,g' /work/out/host/bin/pkg-config
/usr/bin/sed -i -e 's,@STATIC@,,' /work/out/host/bin/pkg-config
>>> host-m4 1.4.19 Downloading
wget -nd -t 3 -O '/work/out/build/.m4-1.4.19.tar.xz.ba6xBx/output' 'https://ftpmirror.gnu.org/m4/m4-1.4.19.tar.xz' 
--2026-06-18 21:51:07--  https://ftpmirror.gnu.org/m4/m4-1.4.19.tar.xz
Resolving ftpmirror.gnu.org (ftpmirror.gnu.org)... 209.51.188.200
Connecting to ftpmirror.gnu.org (ftpmirror.gnu.org)|209.51.188.200|:443... connected.
HTTP request sent, awaiting response... 302 Moved Temporarily
Location: https://mirror.tochlab.net/pub/gnu/m4/m4-1.4.19.tar.xz [following]
--2026-06-18 21:51:08--  https://mirror.tochlab.net/pub/gnu/m4/m4-1.4.19.tar.xz
Resolving mirror.tochlab.net (mirror.tochlab.net)... 94.250.251.51
Connecting to mirror.tochlab.net (mirror.tochlab.net)|94.250.251.51|:443... connected.
HTTP request sent, awaiting response... 200 OK
Length: 1654908 (1.6M) [application/octet-stream]
Saving to: '/work/out/build/.m4-1.4.19.tar.xz.ba6xBx/output'

     0K .......... .......... .......... .......... ..........  3% 4.35M 0s
    50K .......... .......... .......... .......... ..........  6% 4.67M 0s
   100K .......... .......... .......... .......... ..........  9% 15.7M 0s
   150K .......... .......... .......... .......... .......... 12% 16.6M 0s
   200K .......... .......... .......... .......... .......... 15% 4.98M 0s
   250K .......... .......... .......... .......... .......... 18% 14.8M 0s
   300K .......... .......... .......... .......... .......... 21% 18.0M 0s
   350K .......... .......... .......... .......... .......... 24% 10.4M 0s
   400K .......... .......... .......... .......... .......... 27% 5.51M 0s
   450K .......... .......... .......... .......... .......... 30% 25.8M 0s
   500K .......... .......... .......... .......... .......... 34% 14.2M 0s
   550K .......... .......... .......... .......... .......... 37% 26.6M 0s
   600K .......... .......... .......... .......... .......... 40% 13.7M 0s
   650K .......... .......... .......... .......... .......... 43% 27.7M 0s
   700K .......... .......... .......... .......... .......... 46% 22.7M 0s
   750K .......... .......... .......... .......... .......... 49% 25.0M 0s
   800K .......... .......... .......... .......... .......... 52% 4.70M 0s
   850K .......... .......... .......... .......... .......... 55% 26.6M 0s
   900K .......... .......... .......... .......... .......... 58% 9.16M 0s
   950K .......... .......... .......... .......... .......... 61%  136M 0s
  1000K .......... .......... .......... .......... .......... 64% 39.5M 0s
  1050K .......... .......... .......... .......... .......... 68% 30.3M 0s
  1100K .......... .......... .......... .......... .......... 71% 22.6M 0s
  1150K .......... .......... .......... .......... .......... 74% 17.6M 0s
  1200K .......... .......... .......... .......... .......... 77% 4.45M 0s
  1250K .......... .......... .......... .......... .......... 80% 39.2M 0s
  1300K .......... .......... .......... .......... .......... 83% 23.1M 0s
  1350K .......... .......... .......... .......... .......... 86% 15.6M 0s
  1400K .......... .......... .......... .......... .......... 89% 35.5M 0s
  1450K .......... .......... .......... .......... .......... 92% 24.1M 0s
  1500K .......... .......... .......... .......... .......... 95% 26.3M 0s
  1550K .......... .......... .......... .......... .......... 99% 11.9M 0s
  1600K .......... ......                                     100%  721M=0.1s

2026-06-18 21:51:08 (12.5 MB/s) - '/work/out/build/.m4-1.4.19.tar.xz.ba6xBx/output' saved [1654908/1654908]

m4-1.4.19.tar.xz: OK (sha256: 63aede5c6d33b6d9b13511cd0be2cac046f2e70fd0a07aa9573a04a82783af96)
>>> host-m4 1.4.19 Extracting
xzcat /dl/m4/m4-1.4.19.tar.xz | tar --strip-components=1 -C /work/out/build/host-m4-1.4.19   -xf -
>>> host-m4 1.4.19 Patching
>>> host-m4 1.4.19 Updating config.sub and config.guess
for file in config.guess config.sub; do for i in $(find /work/out/build/host-m4-1.4.19 -name $file); do cp support/gnuconfig/$file $i; done; done
>>> host-m4 1.4.19 Patching libtool
>>> host-m4 1.4.19 Configuring
(cd /work/out/build/host-m4-1.4.19/ && rm -rf config.cache; GIT_DIR=. PATH="/work/out/host/bin:/work/out/host/sbin:/usr/local/sbin:/usr/local/bin:/usr/sbin:/usr/bin:/sbin:/bin" PKG_CONFIG="/work/out/host/bin/pkg-config" PKG_CONFIG_SYSROOT_DIR="/" PKG_CONFIG_ALLOW_SYSTEM_CFLAGS=1 PKG_CONFIG_ALLOW_SYSTEM_LIBS=1 PKG_CONFIG_LIBDIR="/work/out/host/lib/pkgconfig:/work/out/host/share/pkgconfig" AR="/usr/bin/ar" AS="/usr/bin/as" LD="/usr/bin/ld" NM="/usr/bin/nm" CC="/usr/bin/gcc" GCC="/usr/bin/gcc" CXX="/usr/bin/g++" CPP="/usr/bin/cpp" OBJCOPY="/usr/bin/objcopy" RANLIB="/usr/bin/ranlib" CPPFLAGS="-I/work/out/host/include" CFLAGS="-O2 -I/work/out/host/include" CXXFLAGS="-O2 -I/work/out/host/include" LDFLAGS="-L/work/out/host/lib -Wl,-rpath,/work/out/host/lib" INTLTOOL_PERL=/usr/bin/perl CFLAGS="-O2 -I/work/out/host/include" LDFLAGS="-L/work/out/host/lib -Wl,-rpath,/work/out/host/lib"  CONFIG_SITE=/dev/null ./configure --prefix="/work/out/host" --sysconfdir="/work/out/host/etc" --localstatedir="/work/out/host/var" --enable-shared --disable-static --disable-gtk-doc --disable-gtk-doc-html --disable-doc --disable-docs --disable-documentation --disable-debug --with-xmlto=no --with-fop=no --disable-nls --disable-dependency-tracking   )
configure: WARNING: unrecognized options: --enable-shared, --disable-static, --disable-gtk-doc, --disable-gtk-doc-html, --disable-doc, --disable-docs, --disable-documentation, --disable-debug, --with-xmlto, --with-fop
checking for a BSD-compatible install... /usr/bin/install -c
checking whether build environment is sane... yes
checking for a race-free mkdir -p... /usr/bin/mkdir -p
checking for gawk... no
checking for mawk... mawk
checking whether make sets $(MAKE)... yes
checking whether make supports nested variables... yes
checking whether make supports nested variables... (cached) yes
checking for gcc... /usr/bin/gcc
checking whether the C compiler works... yes
checking for C compiler default output file name... a.out
checking for suffix of executables... 
checking whether we are cross compiling... no
checking for suffix of object files... o
checking whether the compiler supports GNU C... yes
checking whether /usr/bin/gcc accepts -g... yes
checking for /usr/bin/gcc option to enable C11 features... none needed
checking whether /usr/bin/gcc understands -c and -o together... yes
checking whether the compiler is clang... no
checking for compiler option needed when checking for declarations... none
checking whether make supports the include directive... yes (GNU style)
checking dependency style of /usr/bin/gcc... none
checking for stdio.h... yes
checking for stdlib.h... yes
checking for string.h... yes
checking for inttypes.h... yes
checking for stdint.h... yes
checking for strings.h... yes
checking for sys/stat.h... yes
checking for sys/types.h... yes
checking for unistd.h... yes
checking for wchar.h... yes
checking for minix/config.h... no
checking for pthread.h... yes
checking for sys/param.h... yes
checking for sys/socket.h... yes
checking for dirent.h... yes
checking for stdio_ext.h... yes
checking for getopt.h... yes
checking for sys/cdefs.h... yes
checking for threads.h... yes
checking for iconv.h... yes
checking for limits.h... yes
checking for crtdefs.h... no
checking for wctype.h... yes
checking for langinfo.h... yes
checking for xlocale.h... no
checking for math.h... yes
checking for sys/mman.h... yes
checking for malloc.h... yes
checking for spawn.h... yes
checking for sys/time.h... yes
checking for sys/random.h... yes
checking for sys/wait.h... yes
checking for features.h... yes
checking for arpa/inet.h... yes
checking for semaphore.h... yes
checking for netdb.h... yes
checking for netinet/in.h... yes
checking for sys/select.h... yes
checking for sys/ioctl.h... yes
checking for sys/uio.h... yes
checking whether it is safe to define __EXTENSIONS__... yes
checking whether _XOPEN_SOURCE should be defined... no
checking build system type... aarch64-unknown-linux-gnu
checking host system type... aarch64-unknown-linux-gnu
checking how to run the C preprocessor... /usr/bin/cpp
checking for grep that handles long lines and -e... /usr/bin/grep
checking for egrep... /usr/bin/grep -E
checking for Minix Amsterdam compiler... no
checking for ar... /usr/bin/ar
checking whether to use C++... no
checking for _LARGEFILE_SOURCE value needed for large files... no
checking for special C compiler options needed for large files... no
checking for _FILE_OFFSET_BITS value needed for large files... no
configure: autobuild project... GNU M4
configure: autobuild revision... 1.4.19
configure: autobuild hostname... e9cc9c1f1162
configure: autobuild timestamp... 20260618T215109Z
checking for unsigned long long int... yes
checking for long long int... yes
checking for unsigned long long int... (cached) yes
checking for size_t... yes
checking for working alloca.h... yes
checking for alloca... yes
checking for inline... inline
checking whether <wchar.h> uses 'inline' correctly... yes
checking for btowc... yes
checking for canonicalize_file_name... yes
checking for faccessat... yes
checking for realpath... yes
checking for lstat... yes
checking for _set_invalid_parameter_handler... no
checking for fchdir... yes
checking for fcntl... yes
checking for symlink... yes
checking for fdopendir... yes
checking for mempcpy... yes
checking for fpurge... no
checking for __fpurge... yes
checking for __freadahead... no
checking for __freading... yes
checking for fstatat... yes
checking for getdtablesize... yes
checking for getprogname... no
checking for getexecname... no
checking for getrandom... yes
checking for iswcntrl... yes
checking for iswblank... yes
checking for uselocale... yes
checking for newlocale... yes
checking for duplocale... yes
checking for freelocale... yes
checking for mbsinit... yes
checking for mbrtowc... yes
checking for mbslen... no
checking for mprotect... yes
checking for mkstemp... yes
checking for nl_langinfo... yes
checking for openat... yes
checking for pipe... yes
checking for pipe2... yes
checking for posix_spawn_file_actions_addchdir_np... yes
checking for posix_spawn_file_actions_addchdir... no
checking for readlink... yes
checking for isblank... yes
checking for iswctype... yes
checking for link... yes
checking for secure_getenv... yes
checking for getuid... yes
checking for geteuid... yes
checking for getgid... yes
checking for getegid... yes
checking for sigaction... yes
checking for sigaltstack... yes
checking for siginterrupt... yes
checking for setrlimit... yes
checking for getrlimit... yes
checking for snprintf... yes
checking for strerror_r... yes
checking for __xpg_strerror_r... yes
checking for strndup... yes
checking for vasnprintf... no
checking for wcrtomb... yes
checking for wcwidth... yes
checking for explicit_bzero... yes
checking for memset_s... no
checking for ftruncate... yes
checking for gettimeofday... yes
checking for pthread_sigmask... yes
checking for setenv... yes
checking for sleep... yes
checking for catgets... yes
checking for shutdown... yes
checking for mquery... no
checking for pstat_getprocvm... no
checking for wctob... yes
checking for nl_langinfo and CODESET... yes
checking for a traditional french locale... none
checking whether malloc is ptrdiff_t safe... yes
checking whether malloc, realloc, calloc set errno on failure... yes
checking whether lstat correctly handles trailing slash... yes
checking whether // is distinct from /... no
checking whether realpath works... yes
checking for getcwd... yes
checking whether the preprocessor supports include_next... yes
checking whether source code line length is unlimited... yes
checking for /usr/bin/gcc options needed to detect all undeclared functions... none needed
checking if environ is properly declared... yes
checking for complete errno.h... yes
checking whether strerror_r is declared... yes
checking whether strerror_r returns char *... yes
checking for mode_t... yes
checking for sig_atomic_t... yes
checking whether fchdir is declared... yes
checking for working fcntl.h... yes
checking for pid_t... yes
checking for eaccess... yes
checking whether frexp() can be used without linking with libm... yes
checking whether alarm is declared... yes
checking whether long double and double are the same... no
checking whether stdin defaults to large file offsets... yes
checking whether fseeko is declared... yes
checking for fseeko... yes
checking whether fflush works on input streams... no
checking whether stat file-mode macros are broken... no
checking for C/C++ restrict keyword... __restrict__
checking for nlink_t... yes
checking whether ftello is declared... yes
checking whether ungetc works on arbitrary bytes... yes
checking for ftello... yes
checking whether ftello works... yes
checking whether getcwd (NULL, 0) allocates memory for result... yes
checking for getcwd with POSIX signature... yes
checking whether getcwd is declared... yes
checking whether getdtablesize is declared... yes
checking for getopt.h... (cached) yes
checking for getopt_long_only... yes
checking whether getopt is POSIX compatible... yes
checking for working GNU getopt function... yes
checking for working GNU getopt_long function... yes
checking for pthread.h... (cached) yes
checking for pthread_kill in -lpthread... yes
checking whether POSIX threads API is available... yes
checking whether setlocale (LC_ALL, NULL) is multithread-safe... yes
checking whether setlocale (category, NULL) is multithread-safe... yes
checking host CPU and C ABI... arm64
checking for ld... /usr/bin/ld
checking if the linker (/usr/bin/ld) is GNU ld... yes
checking for shared library run path origin... done
checking 32-bit host C ABI... no
checking for ELF binary format... yes
checking for the common suffixes of directories in the library search path... lib,lib,lib
checking for iconv... yes
checking for working iconv... yes
checking whether iconv is compatible with its POSIX signature... yes
checking whether limits.h has LLONG_MAX, WORD_BIT, ULLONG_WIDTH etc.... yes
checking for wint_t... yes
checking whether wint_t is large enough... yes
checking whether the compiler produces multi-arch binaries... no
checking whether stdint.h conforms to C99... yes
checking whether stdint.h works without ISO C predefines... yes
checking whether stdint.h has UINTMAX_WIDTH etc.... yes
checking where to find the exponent in a 'double'... word 1 bit 20
checking where to find the exponent in a 'float'... word 0 bit 23
checking whether byte ordering is bigendian... no
checking whether iswcntrl works... yes
checking for towlower... yes
checking for wctype_t... yes
checking for wctrans_t... yes
checking for a traditional japanese locale... none
checking for a french Unicode locale... none
checking for a transitional chinese locale... none
checking whether langinfo.h defines CODESET... yes
checking whether langinfo.h defines T_FMT_AMPM... yes
checking whether langinfo.h defines ALTMON_1... yes
checking whether langinfo.h defines ERA... yes
checking whether langinfo.h defines YESEXPR... yes
checking for wchar_t... yes
checking for good max_align_t... yes
checking whether NULL can be used in arbitrary expressions... yes
checking whether locale.h defines locale_t... yes
checking whether locale.h conforms to POSIX:2001... yes
checking whether struct lconv is properly defined... yes
checking for LC_MESSAGES... yes
checking whether uselocale works... yes
checking for fake locale system (OpenBSD)... no
checking for Solaris 11.4 locale system... no
checking for getlocalename_l... no
checking for CFPreferencesCopyAppValue... no
checking for CFLocaleCopyPreferredLanguages... no
checking for multithread API to use... none
checking for a sed that does not truncate output... /usr/bin/sed
checking whether malloc (0) returns nonnull... yes
checking whether NAN macro works... yes
checking whether HUGE_VAL works... yes
checking for mbstate_t... yes
checking for mmap... yes
checking for MAP_ANONYMOUS... yes
checking whether memchr works... yes
checking whether memrchr is declared... yes
checking whether <limits.h> defines MIN and MAX... no
checking whether <sys/param.h> defines MIN and MAX... yes
checking for O_CLOEXEC... yes
checking for promoted mode_t type... mode_t
checking for library containing posix_spawn... none required
checking for posix_spawn... yes
checking whether posix_spawn is declared... yes
checking whether posix_spawn works... yes
checking whether posix_spawn rejects scripts without shebang... yes
checking whether posix_spawnp rejects scripts without shebang... yes
checking whether posix_spawnattr_setschedpolicy is supported... yes
checking whether posix_spawnattr_setschedparam is supported... yes
checking for sigset_t... yes
checking for SIGPIPE... yes
checking for sched.h... yes
checking for struct sched_param... yes
checking for uid_t in sys/types.h... yes
checking for volatile sig_atomic_t... yes
checking for sighandler_t... yes
checking whether C symbols are prefixed with underscore at the linker level... no
checking whether snprintf returns a byte count as in C99... yes
checking whether snprintf is declared... yes
checking for posix_spawnattr_t... yes
checking for posix_spawn_file_actions_t... yes
checking for stdbool.h that conforms to C99... yes
checking for _Bool... yes
checking whether fcloseall is declared... yes
checking which flavor of printf attribute matches inttypes macros... system
checking whether ecvt is declared... yes
checking whether fcvt is declared... yes
checking whether gcvt is declared... yes
checking whether strdup is declared... yes
checking whether strerror(0) succeeds... yes
checking for strerror_r with POSIX signature... no
checking whether __xpg_strerror_r works... yes
checking whether strndup is declared... yes
checking whether strnlen is declared... yes
checking whether strsignal is declared... yes
checking whether strstr works... yes
checking whether ldexp() can be used without linking with libm... yes
checking for struct timespec in <time.h>... yes
checking for TIME_UTC in <time.h>... yes
checking whether execvpe is declared... yes
checking whether clearerr_unlocked is declared... yes
checking whether feof_unlocked is declared... yes
checking whether ferror_unlocked is declared... yes
checking whether fflush_unlocked is declared... yes
checking whether fgets_unlocked is declared... yes
checking whether fputc_unlocked is declared... yes
checking whether fputs_unlocked is declared... yes
checking whether fread_unlocked is declared... yes
checking whether fwrite_unlocked is declared... yes
checking whether getc_unlocked is declared... yes
checking whether getchar_unlocked is declared... yes
checking whether putc_unlocked is declared... yes
checking whether putchar_unlocked is declared... yes
checking for inttypes.h... yes
checking for stdint.h... yes
checking for intmax_t... yes
checking whether snprintf truncates the result as in C99... yes
checking for snprintf... (cached) yes
checking for strnlen... yes
checking for wcslen... yes
checking for wcsnlen... yes
checking for mbrtowc... (cached) yes
checking for wcrtomb... (cached) yes
checking whether _snprintf is declared... no
checking whether printf supports size specifiers as in C99... yes
checking whether printf supports 'long double' arguments... yes
checking whether printf supports infinite 'double' arguments... yes
checking whether printf supports infinite 'long double' arguments... yes
checking whether printf supports the 'a' and 'A' directives... yes
checking whether printf supports the 'F' directive... yes
checking whether printf supports the 'n' directive... yes
checking whether printf supports the 'ls' directive... yes
checking whether printf supports the grouping flag... yes
checking whether printf supports the left-adjust flag correctly... yes
checking whether printf supports the zero flag correctly... yes
checking whether printf supports large precisions... yes
checking whether printf survives out-of-memory conditions... yes
checking whether wcsdup is declared... yes
checking whether <sys/socket.h> is self-contained... yes
checking for shutdown... (cached) yes
checking whether <sys/socket.h> defines the SHUT_* macros... yes
checking for struct sockaddr_storage... yes
checking for sa_family_t... yes
checking for struct sockaddr_storage.ss_family... yes
checking for library needed for semaphore functions... none
checking for struct timeval... yes
checking for wide-enough struct timeval.tv_sec member... yes
checking for IPv4 sockets... yes
checking for IPv6 sockets... yes
checking for off_t... yes
checking whether INT32_MAX < INTMAX_MAX... yes
checking whether INT64_MAX == LONG_MAX... yes
checking whether UINT32_MAX < UINTMAX_MAX... yes
checking whether UINT64_MAX == ULONG_MAX... yes
checking whether <sys/select.h> is self-contained... yes
checking for library containing setsockopt... none needed
checking whether select supports a 0 argument... yes
checking whether select detects invalid fds... yes
checking for pthread_t... yes
checking for pthread_spinlock_t... yes
checking for PTHREAD_CREATE_DETACHED... yes
checking for PTHREAD_MUTEX_RECURSIVE... yes
checking for PTHREAD_MUTEX_ROBUST... yes
checking for PTHREAD_PROCESS_SHARED... yes
checking whether setenv is declared... yes
checking for search.h... yes
checking for tsearch... yes
checking whether <sys/ioctl.h> declares ioctl... yes
checking whether unsetenv is declared... yes
checking for alloca as a compiler built-in... yes
checking whether to enable assertions... yes
checking whether btowc(0) is correct... yes
checking whether btowc(EOF) is correct... guessing yes
checking for __builtin_expect... yes
checking whether calloc (0, n) and calloc (n, 0) return nonnull... yes
checking whether this system supports file names of any length... no
checking for library containing clock_gettime... none required
checking for clock_gettime... yes
checking for clock_settime... yes
checking for closedir... yes
checking for d_ino member in directory struct... yes
checking for dirfd... yes
checking whether dirfd is declared... yes
checking whether dirfd is a macro... no
checking whether // is distinct from /... (cached) no
checking whether dup works... yes
checking whether dup2 works... yes
checking for error_at_line... yes
checking whether fflush works on input streams... (cached) no
checking whether fcntl handles F_DUPFD correctly... yes
checking whether fcntl understands F_DUPFD_CLOEXEC... needs runtime check
checking whether fdopendir is declared... yes
checking whether fdopendir works... yes
checking whether fflush works on input streams... (cached) no
checking for flexible array member... yes
checking whether conversion from 'int' to 'long double' works... yes
checking whether fopen recognizes a trailing slash... yes
checking whether fopen supports the mode character 'x'... yes
checking whether fopen supports the mode character 'e'... yes
checking for __fpending... yes
checking whether __fpending is declared... yes
checking whether fpurge is declared... no
checking whether free is known to preserve errno... yes
checking whether frexp works... yes
checking whether frexpl is declared... yes
checking whether frexpl() can be used without linking with libm... yes
checking whether frexpl works... yes
checking for fseeko... (cached) yes
checking whether fflush works on input streams... (cached) no
checking for _fseeki64... no
checking whether fstatat (..., 0) works... yes
checking for ftello... (cached) yes
checking whether ftello works... (cached) yes
checking whether getcwd handles long file names properly... yes
checking for getpagesize... yes
checking whether getcwd succeeds when 4k < cwd_length < 16k... yes
checking whether getdtablesize works... yes
checking for getpagesize... (cached) yes
checking whether getpagesize is declared... yes
checking whether program_invocation_name is declared... yes
checking whether program_invocation_short_name is declared... yes
checking whether __argv is declared... no
checking whether getrandom is compatible with its GNU+BSD signature... yes
checking whether the compiler generally respects inline... yes
checking whether isnan(double) can be used without linking with libm... yes
checking whether isnan(float) can be used without linking with libm... yes
checking whether isnan(float) works... yes
checking whether isnan(long double) can be used without linking with libm... yes
checking whether isnanl works... yes
checking whether iswblank is declared... yes
checking whether iswdigit is ISO C compliant... guessing yes
checking whether iswxdigit is ISO C compliant... guessing yes
checking whether the compiler supports the __inline keyword... yes
checking whether lseek detects pipes... yes
checking whether malloc (0) returns nonnull... (cached) yes
checking whether mbrtowc handles incomplete characters... guessing yes
checking whether mbrtowc works as well as mbtowc... guessing yes
checking whether mbrtowc handles a NULL pwc argument... guessing yes
checking whether mbrtowc handles a NULL string argument... guessing yes
checking whether mbrtowc has a correct return value... guessing yes
checking whether mbrtowc returns 0 when parsing a NUL character... guessing yes
checking whether mbrtowc stores incomplete characters... guessing no
checking whether mbrtowc works on empty input... yes
checking whether the C locale is free of encoding errors... no
checking whether mbrtowc handles incomplete characters... (cached) guessing yes
checking whether mbrtowc works as well as mbtowc... (cached) guessing yes
checking for mbtowc... yes
checking for mempcpy... (cached) yes
checking for memrchr... yes
checking whether mkdir handles trailing slash... yes
checking whether mkdir handles trailing dot... yes
checking for mkdtemp... yes
checking for working mkstemp... yes
checking whether YESEXPR works... yes
checking for obstacks that work with any size object... no
checking whether open recognizes a trailing slash... yes
checking for opendir... yes
checking whether posix_spawn_file_actions_addclose works... yes
checking whether posix_spawn_file_actions_adddup2 works... yes
checking whether posix_spawn_file_actions_addopen works... yes
checking whether frexp works... (cached) yes
checking whether ldexp can be used without linking with libm... (cached) yes
checking whether frexpl() can be used without linking with libm... (cached) yes
checking whether frexpl works... (cached) yes
checking whether frexpl is declared... (cached) yes
checking whether ldexpl() can be used without linking with libm... yes
checking whether ldexpl works... yes
checking whether ldexpl is declared... yes
checking whether program_invocation_name is declared... (cached) yes
checking whether program_invocation_short_name is declared... (cached) yes
checking for raise... yes
checking for sigprocmask... yes
checking for rawmemchr... yes
checking for readdir... yes
checking whether readlink signature is correct... yes
checking whether readlink handles trailing slash correctly... yes
checking whether readlink truncates results correctly... yes
checking whether realloc (0, 0) returns nonnull... yes
checking for reallocarray... yes
checking for working re_compile_pattern... no
checking for libintl.h... yes
checking whether isblank is declared... yes
checking whether rename honors trailing slash on destination... yes
checking whether rename honors trailing slash on source... yes
checking whether rename manages hard links correctly... yes
checking whether rename manages existing destinations correctly... yes
checking for rewinddir... yes
checking whether rmdir works... yes
checking whether setlocale supports the C locale... yes
checking whether setlocale (LC_ALL, NULL) is multithread-safe... (cached) yes
checking whether setlocale (category, NULL) is multithread-safe... (cached) yes
checking for struct sigaction.sa_sigaction... yes
checking for signbit macro... yes
checking for signbit compiler built-ins... yes
checking for sigprocmask... (cached) yes
checking for stack direction... grows down
checking for stack_t... yes
checking for working sigaltstack... yes
checking for correct stack_t interpretation... yes
checking for stdint.h... (cached) yes
checking for SIZE_MAX... yes
checking for snprintf... (cached) yes
checking whether snprintf respects a size of 1... yes
checking whether printf supports POSIX/XSI format strings with positions... yes
checking for ssize_t... yes
checking whether stat handles trailing slashes on files... yes
checking for struct stat.st_atim.tv_nsec... yes
checking whether struct stat.st_atim is of type struct timespec... yes
checking for struct stat.st_birthtimespec.tv_nsec... no
checking for struct stat.st_birthtimensec... no
checking for struct stat.st_birthtim.tv_nsec... no
checking for working stdalign.h... yes
checking for va_copy... yes
checking for stpcpy... yes
checking for strchrnul... yes
checking whether strchrnul works... yes
checking for working strerror function... yes
checking for working strndup... yes
checking for working strnlen... yes
checking for strsignal... yes
checking whether strsignal always returns a string... yes
checking whether strstr works in linear time... yes
checking whether strstr works... (cached) yes
checking whether strtod obeys C99... yes
checking for sys/single_threaded.h... yes
checking for ptrdiff_t... yes
checking for vasprintf... yes
checking for vasprintf... (cached) yes
checking for waitid... yes
checking whether mbrtowc handles incomplete characters... (cached) guessing yes
checking whether mbrtowc works as well as mbtowc... (cached) guessing yes
checking whether wcrtomb works in the C locale... yes
checking whether wcrtomb return value is correct... guessing yes
checking whether wcwidth is declared... yes
checking whether wcwidth works reasonably in UTF-8 locales... yes
checking for stdint.h... (cached) yes
checking for a traditional french locale... (cached) none
checking for a french Unicode locale... (cached) none
checking for a traditional french locale... (cached) none
checking for a turkish Unicode locale... none
checking whether open recognizes a trailing slash... (cached) yes
checking for close_range... yes
checking whether fdopen sets errno... yes
checking whether freopen works on closed fds... yes
checking for gettimeofday with POSIX signature... yes
checking for library containing inet_pton... none required
checking whether inet_pton is declared... yes
checking whether byte ordering is bigendian... (cached) no
checking for ioctl... yes
checking for ioctl with POSIX signature... no
checking where to find the exponent in a 'double'... (cached) word 1 bit 20
checking where to find the exponent in a 'float'... (cached) word 0 bit 23
checking where to find the exponent in a 'long double'... word 3 bit 16
checking for a traditional french locale... (cached) none
checking for a french Unicode locale... (cached) none
checking for a traditional japanese locale... (cached) none
checking for a transitional chinese locale... (cached) none
checking for a traditional french locale... (cached) none
checking for a french Unicode locale... (cached) none
checking for a traditional japanese locale... (cached) none
checking for a transitional chinese locale... (cached) none
checking whether link obeys POSIX... yes
checking for a traditional french locale... (cached) none
checking for a french Unicode locale... (cached) none
checking for a traditional japanese locale... (cached) none
checking for a transitional chinese locale... (cached) none
checking for a french Unicode locale... (cached) none
checking for a french Unicode locale... (cached) none
checking for a transitional chinese locale... (cached) none
checking for library containing nanosleep... none required
checking for working nanosleep... no (mishandles large arguments)
checking whether <netinet/in.h> is self-contained... yes
checking for a traditional french locale... (cached) none
checking for a french Unicode locale... (cached) none
checking whether perror matches strerror... yes
checking whether pthread_create exists as a global function... yes
checking whether pthread_sigmask is a macro... no
checking whether pthread_sigmask works without -lpthread... yes
checking whether pthread_sigmask returns error numbers... yes
checking whether pthread_sigmask unblocks signals correctly... guessing yes
checking for putenv compatible with GNU and SVID... yes
checking whether sched_yield is declared... yes
checking whether select supports a 0 argument... (cached) yes
checking whether select detects invalid fds... (cached) yes
checking whether setenv validates arguments... yes
checking for a traditional french locale... (cached) none
checking for a french Unicode locale... (cached) none
checking for a traditional japanese locale... (cached) none
checking for a transitional chinese locale... (cached) none
checking whether sleep is declared... yes
checking for working sleep... yes
checking for socklen_t... yes
checking for a traditional french locale... (cached) none
checking for a french Unicode locale... (cached) none
checking whether symlink handles trailing slash correctly... yes
checking for unsetenv... yes
checking for unsetenv() return type... int
checking whether unsetenv obeys POSIX... yes
checking for a traditional french locale... (cached) none
checking for a french Unicode locale... (cached) none
checking for a traditional japanese locale... (cached) none
checking for a transitional chinese locale... (cached) none
checking whether wctob works... guessing yes
checking whether wctob is declared... yes
checking whether an open file can be renamed... yes
checking if changeword is wanted... no
checking which shell to use for syscmd... /bin/sh
checking if malloc debugging is wanted... no
checking whether NLS is requested... no
checking for msgfmt... no
checking for gmsgfmt... :
checking for xgettext... no
checking for msgmerge... no
checking for CFPreferencesCopyAppValue... (cached) no
checking for CFLocaleCopyPreferredLanguages... (cached) no
checking whether to use NLS... no
checking that generated files are newer than configure... done
configure: creating ./config.status
config.status: creating Makefile
config.status: creating doc/Makefile
config.status: creating lib/Makefile
config.status: creating po/Makefile.in
config.status: creating src/Makefile
config.status: creating tests/Makefile
config.status: creating checks/Makefile
config.status: creating examples/Makefile
config.status: creating lib/config.h
config.status: executing depfiles commands
config.status: executing stamp-h commands
config.status: executing po-directories commands
config.status: creating po/POTFILES
config.status: creating po/Makefile
configure: WARNING: unrecognized options: --enable-shared, --disable-static, --disable-gtk-doc, --disable-gtk-doc-html, --disable-doc, --disable-docs, --disable-documentation, --disable-debug, --with-xmlto, --with-fop
>>> host-m4 1.4.19 Building
GIT_DIR=. PATH="/work/out/host/bin:/work/out/host/sbin:/usr/local/sbin:/usr/local/bin:/usr/sbin:/usr/bin:/sbin:/bin" PKG_CONFIG="/work/out/host/bin/pkg-config" PKG_CONFIG_SYSROOT_DIR="/" PKG_CONFIG_ALLOW_SYSTEM_CFLAGS=1 PKG_CONFIG_ALLOW_SYSTEM_LIBS=1 PKG_CONFIG_LIBDIR="/work/out/host/lib/pkgconfig:/work/out/host/share/pkgconfig"  /usr/bin/make   -C /work/out/build/host-m4-1.4.19/
make[1]: Entering directory '/work/out/build/host-m4-1.4.19'
/usr/bin/make  all-recursive
make[2]: Entering directory '/work/out/build/host-m4-1.4.19'
Making all in .
make[3]: Entering directory '/work/out/build/host-m4-1.4.19'
make[3]: Nothing to be done for 'all-am'.
make[3]: Leaving directory '/work/out/build/host-m4-1.4.19'
Making all in examples
make[3]: Entering directory '/work/out/build/host-m4-1.4.19/examples'
make[3]: Nothing to be done for 'all'.
make[3]: Leaving directory '/work/out/build/host-m4-1.4.19/examples'
Making all in lib
make[3]: Entering directory '/work/out/build/host-m4-1.4.19/lib'
  GEN      alloca.h
  GEN      configmake.h
  GEN      dirent.h
  GEN      fcntl.h
  GEN      iconv.h
  GEN      inttypes.h
  GEN      langinfo.h
  GEN      limits.h
  GEN      locale.h
  GEN      math.h
  GEN      sched.h
  GEN      signal.h
  GEN      sigsegv.h
  GEN      spawn.h
  GEN      stdio.h
  GEN      stdlib.h
  GEN      string.h
  GEN      sys/random.h
  GEN      sys/stat.h
  GEN      sys/types.h
  GEN      time.h
  GEN      sys/wait.h
  GEN      unistd.h
  GEN      unistr.h
  GEN      unitypes.h
  GEN      uniwidth.h
  GEN      wchar.h
  GEN      wctype.h
/usr/bin/make  all-am
make[4]: Entering directory '/work/out/build/host-m4-1.4.19/lib'
  CC       asyncsafe-spin.o
  CC       openat-proc.o
  CC       gl_avltree_oset.o
  CC       basename-lgpl.o
  CC       binary-io.o
  CC       bitrotate.o
  CC       c-ctype.o
  CC       c-stack.o
  CC       c-strcasecmp.o
  CC       c-strncasecmp.o
  CC       canonicalize.o
  CC       clean-temp.o
  CC       clean-temp-simple.o
canonicalize.c: In function 'canonicalize_filename_mode':
canonicalize.c:484:5: warning: #warning "GCC might issue a bogus -Wreturn-local-addr warning here." [-Wcpp]
  484 |    #warning "GCC might issue a bogus -Wreturn-local-addr warning here."
      |     ^~~~~~~
canonicalize.c:485:5: warning: #warning "See <https://gcc.gnu.org/bugzilla/show_bug.cgi?id=93644>." [-Wcpp]
  485 |    #warning "See <https://gcc.gnu.org/bugzilla/show_bug.cgi?id=93644>."
      |     ^~~~~~~
  CC       cloexec.o
  CC       close-stream.o
  CC       closein.o
  CC       closeout.o
  CC       concat-filename.o
  CC       dirname.o
  CC       basename.o
  CC       dirname-lgpl.o
  CC       stripslash.o
  CC       execute.o
  CC       exitfail.o
  CC       fatal-signal.o
  CC       fd-hook.o
  CC       fd-safer-flag.o
  CC       dup-safer-flag.o
  CC       file-set.o
  CC       filenamecat.o
  CC       filenamecat-lgpl.o
  CC       findprog-in.o
  CC       fopen-safer.o
  CC       freading.o
  CC       getprogname.o
  CC       hard-locale.o
  CC       hash.o
  CC       hash-pjw.o
  CC       hash-triple-simple.o
  CC       gl_linked_list.o
  CC       gl_linkedhash_list.o
  CC       gl_list.o
  CC       localcharset.o
  CC       localename.o
  CC       localename-table.o
  CC       malloca.o
  CC       math.o
  CC       mbchar.o
  CC       mbiter.o
  CC       mbslen.o
  CC       mbsstr.o
  CC       mbuiter.o
  CC       memchr2.o
  CC       openat-die.o
  CC       gl_oset.o
  CC       pipe2.o
  CC       pipe2-safer.o
  CC       printf-frexp.o
  CC       printf-frexpl.o
  CC       progname.o
  CC       propername.o
  CC       quotearg.o
  CC       save-cwd.o
  CC       malloc/scratch_buffer_dupfree.o
  CC       malloc/scratch_buffer_grow.o
  CC       malloc/scratch_buffer_grow_preserve.o
  CC       malloc/scratch_buffer_set_array_size.o
  CC       setlocale_null.o
  CC       sig-handler.o
  CC       sigsegv.o
  CC       stackvma.o
  CC       spawn-pipe.o
  CC       stat-time.o
  CC       mkstemp-safer.o
  CC       striconv.o
  CC       strnlen1.o
  CC       tempname.o
  CC       glthread/threadlib.o
  CC       glthread/tls.o
  CC       tmpdir.o
  CC       trim.o
  CC       unistd.o
  CC       dup-safer.o
  CC       fd-safer.o
  CC       pipe-safer.o
  CC       verror.o
  CC       version-etc.o
  CC       version-etc-fsf.o
  CC       wait-process.o
  CC       wctype-h.o
  CC       xmalloc.o
  CC       xalloc-die.o
  CC       gl_xlist.o
  CC       xmalloca.o
  CC       gl_xoset.o
  CC       xprintf.o
  CC       xsize.o
  CC       xstriconv.o
  CC       xstrndup.o
  CC       xvasprintf.o
  CC       xasprintf.o
  CC       asnprintf.o
  CC       chdir-long.o
  CC       fclose.o
  CC       fcntl.o
  CC       fflush.o
  CC       fpurge.o
  CC       freadahead.o
  CC       fseek.o
  CC       fseeko.o
  CC       mbrtowc.o
  CC       obstack.o
  CC       printf-args.o
  CC       printf-parse.o
  CC       regex.o
  CC       spawn_faction_addchdir.o
  CC       vasnprintf.o
  CC       malloc/dynarray_at_failure.o
  CC       malloc/dynarray_emplace_enlarge.o
  CC       malloc/dynarray_finalize.o
  CC       malloc/dynarray_resize.o
  CC       malloc/dynarray_resize_clear.o
  CC       glthread/lock.o
  CC       unistr/u8-mbtoucr.o
  CC       unistr/u8-uctomb.o
  CC       unistr/u8-uctomb-aux.o
  CC       uniwidth/width.o
  AR       libm4.a
make[4]: Leaving directory '/work/out/build/host-m4-1.4.19/lib'
make[3]: Leaving directory '/work/out/build/host-m4-1.4.19/lib'
Making all in src
make[3]: Entering directory '/work/out/build/host-m4-1.4.19/src'
  CC       m4.o
  CC       builtin.o
  CC       debug.o
  CC       eval.o
  CC       format.o
  CC       freeze.o
  CC       input.o
  CC       macro.o
  CC       output.o
  CC       path.o
  CC       symtab.o
  CCLD     m4
make[3]: Leaving directory '/work/out/build/host-m4-1.4.19/src'
Making all in doc
make[3]: Entering directory '/work/out/build/host-m4-1.4.19/doc'
make[3]: Nothing to be done for 'all'.
make[3]: Leaving directory '/work/out/build/host-m4-1.4.19/doc'
Making all in checks
make[3]: Entering directory '/work/out/build/host-m4-1.4.19/checks'
make[3]: Nothing to be done for 'all'.
make[3]: Leaving directory '/work/out/build/host-m4-1.4.19/checks'
Making all in po
make[3]: Entering directory '/work/out/build/host-m4-1.4.19/po'
make[3]: Nothing to be done for 'all'.
make[3]: Leaving directory '/work/out/build/host-m4-1.4.19/po'
Making all in tests
make[3]: Entering directory '/work/out/build/host-m4-1.4.19/tests'
  GEN      ctype.h
  GEN      test-posix_spawn-dup2-stdout.sh
  GEN      test-posix_spawn-dup2-stdin.sh
  GEN      arpa/inet.h
  GEN      pthread.h
  GEN      sys/ioctl.h
  GEN      sys/select.h
  GEN      sys/socket.h
  GEN      sys/time.h
  GEN      sys/uio.h
/usr/bin/make  all-recursive
make[4]: Entering directory '/work/out/build/host-m4-1.4.19/tests'
Making all in .
make[5]: Entering directory '/work/out/build/host-m4-1.4.19/tests'
  CC       locale.o
  CC       gl_array_list.o
  CC       gl_array_oset.o
  CC       findprog.o
  CC       imaxtostr.o
  CC       inttostr.o
  CC       offtostr.o
  CC       uinttostr.o
  CC       umaxtostr.o
  CC       read-file.o
  CC       sockets.o
  CC       sys_socket.o
  CC       vma-iter.o
  CC       xconcat-filename.o
  CC       ioctl.o
  CC       nanosleep.o
  CC       pthread_sigmask.o
  CC       strerror_r.o
  CC       test-localcharset.o
  CC       glthread/thread.o
  AR       libtests.a
  CCLD     current-locale
  CCLD     test-localcharset
make[5]: Leaving directory '/work/out/build/host-m4-1.4.19/tests'
make[4]: Leaving directory '/work/out/build/host-m4-1.4.19/tests'
make[3]: Leaving directory '/work/out/build/host-m4-1.4.19/tests'
make[2]: Leaving directory '/work/out/build/host-m4-1.4.19'
make[1]: Leaving directory '/work/out/build/host-m4-1.4.19'
>>> host-m4 1.4.19 Installing to host directory
GIT_DIR=. PATH="/work/out/host/bin:/work/out/host/sbin:/usr/local/sbin:/usr/local/bin:/usr/sbin:/usr/bin:/sbin:/bin" PKG_CONFIG="/work/out/host/bin/pkg-config" PKG_CONFIG_SYSROOT_DIR="/" PKG_CONFIG_ALLOW_SYSTEM_CFLAGS=1 PKG_CONFIG_ALLOW_SYSTEM_LIBS=1 PKG_CONFIG_LIBDIR="/work/out/host/lib/pkgconfig:/work/out/host/share/pkgconfig"  /usr/bin/make  install -C /work/out/build/host-m4-1.4.19/
make[1]: Entering directory '/work/out/build/host-m4-1.4.19'
/usr/bin/make  install-recursive
make[2]: Entering directory '/work/out/build/host-m4-1.4.19'
Making install in .
make[3]: Entering directory '/work/out/build/host-m4-1.4.19'
make[4]: Entering directory '/work/out/build/host-m4-1.4.19'
make[4]: Nothing to be done for 'install-exec-am'.
make[4]: Nothing to be done for 'install-data-am'.
make[4]: Leaving directory '/work/out/build/host-m4-1.4.19'
make[3]: Leaving directory '/work/out/build/host-m4-1.4.19'
Making install in examples
make[3]: Entering directory '/work/out/build/host-m4-1.4.19/examples'
make[4]: Entering directory '/work/out/build/host-m4-1.4.19/examples'
make[4]: Nothing to be done for 'install-exec-am'.
make[4]: Nothing to be done for 'install-data-am'.
make[4]: Leaving directory '/work/out/build/host-m4-1.4.19/examples'
make[3]: Leaving directory '/work/out/build/host-m4-1.4.19/examples'
Making install in lib
make[3]: Entering directory '/work/out/build/host-m4-1.4.19/lib'
/usr/bin/make  install-am
make[4]: Entering directory '/work/out/build/host-m4-1.4.19/lib'
make[5]: Entering directory '/work/out/build/host-m4-1.4.19/lib'
make[5]: Nothing to be done for 'install-exec-am'.
make[5]: Nothing to be done for 'install-data-am'.
make[5]: Leaving directory '/work/out/build/host-m4-1.4.19/lib'
make[4]: Leaving directory '/work/out/build/host-m4-1.4.19/lib'
make[3]: Leaving directory '/work/out/build/host-m4-1.4.19/lib'
Making install in src
make[3]: Entering directory '/work/out/build/host-m4-1.4.19/src'
make[4]: Entering directory '/work/out/build/host-m4-1.4.19/src'
make[4]: Nothing to be done for 'install-data-am'.
 /usr/bin/mkdir -p '/work/out/host/bin'
  /usr/bin/install -c m4 '/work/out/host/bin'
make[4]: Leaving directory '/work/out/build/host-m4-1.4.19/src'
make[3]: Leaving directory '/work/out/build/host-m4-1.4.19/src'
Making install in doc
make[3]: Entering directory '/work/out/build/host-m4-1.4.19/doc'
make[4]: Entering directory '/work/out/build/host-m4-1.4.19/doc'
make[4]: Nothing to be done for 'install-exec-am'.
 /usr/bin/mkdir -p '/work/out/host/share/man/man1'
 /usr/bin/mkdir -p '/work/out/host/share/info'
 /usr/bin/install -c -m 644 ./m4.1 '/work/out/host/share/man/man1'
 /usr/bin/install -c -m 644 ./m4.info ./m4.info-1 ./m4.info-2 '/work/out/host/share/info'
make[4]: Leaving directory '/work/out/build/host-m4-1.4.19/doc'
make[3]: Leaving directory '/work/out/build/host-m4-1.4.19/doc'
Making install in checks
make[3]: Entering directory '/work/out/build/host-m4-1.4.19/checks'
make[4]: Entering directory '/work/out/build/host-m4-1.4.19/checks'
make[4]: Nothing to be done for 'install-exec-am'.
make[4]: Nothing to be done for 'install-data-am'.
make[4]: Leaving directory '/work/out/build/host-m4-1.4.19/checks'
make[3]: Leaving directory '/work/out/build/host-m4-1.4.19/checks'
Making install in po
make[3]: Entering directory '/work/out/build/host-m4-1.4.19/po'
if test "m4" = "gettext-tools"; then \
  /usr/bin/mkdir -p /work/out/host/share/gettext/po; \
  for file in Makefile.in.in remove-potcdate.sin quot.sed boldquot.sed en@quot.header en@boldquot.header insert-header.sin Rules-quot   Makevars.template; do \
    /usr/bin/install -c -m 644 ./$file \
		    /work/out/host/share/gettext/po/$file; \
  done; \
  for file in Makevars; do \
    rm -f /work/out/host/share/gettext/po/$file; \
  done; \
else \
  : ; \
fi
make[3]: Leaving directory '/work/out/build/host-m4-1.4.19/po'
Making install in tests
make[3]: Entering directory '/work/out/build/host-m4-1.4.19/tests'
/usr/bin/make  install-recursive
make[4]: Entering directory '/work/out/build/host-m4-1.4.19/tests'
Making install in .
make[5]: Entering directory '/work/out/build/host-m4-1.4.19/tests'
make[6]: Entering directory '/work/out/build/host-m4-1.4.19/tests'
make[6]: Nothing to be done for 'install-exec-am'.
make[6]: Nothing to be done for 'install-data-am'.
make[6]: Leaving directory '/work/out/build/host-m4-1.4.19/tests'
make[5]: Leaving directory '/work/out/build/host-m4-1.4.19/tests'
make[4]: Leaving directory '/work/out/build/host-m4-1.4.19/tests'
make[3]: Leaving directory '/work/out/build/host-m4-1.4.19/tests'
make[2]: Leaving directory '/work/out/build/host-m4-1.4.19'
make[1]: Leaving directory '/work/out/build/host-m4-1.4.19'
>>> host-libtool 2.4.6 Downloading
wget -nd -t 3 -O '/work/out/build/.libtool-2.4.6.tar.xz.FZ72LX/output' 'https://ftpmirror.gnu.org/libtool/libtool-2.4.6.tar.xz' 
--2026-06-18 21:51:24--  https://ftpmirror.gnu.org/libtool/libtool-2.4.6.tar.xz
Resolving ftpmirror.gnu.org (ftpmirror.gnu.org)... 209.51.188.200
Connecting to ftpmirror.gnu.org (ftpmirror.gnu.org)|209.51.188.200|:443... connected.
HTTP request sent, awaiting response... 302 Moved Temporarily
Location: https://mirror.bahnhof.net/pub/gnu/libtool/libtool-2.4.6.tar.xz [following]
--2026-06-18 21:51:25--  https://mirror.bahnhof.net/pub/gnu/libtool/libtool-2.4.6.tar.xz
Resolving mirror.bahnhof.net (mirror.bahnhof.net)... 98.128.159.146
Connecting to mirror.bahnhof.net (mirror.bahnhof.net)|98.128.159.146|:443... connected.
HTTP request sent, awaiting response... 200 OK
Length: 973080 (950K) [application/octet-stream]
Saving to: '/work/out/build/.libtool-2.4.6.tar.xz.FZ72LX/output'

     0K .......... .......... .......... .......... ..........  5%  319K 3s
    50K .......... .......... .......... .......... .......... 10%  393K 2s
   100K .......... .......... .......... .......... .......... 15%  792K 2s
   150K .......... .......... .......... .......... .......... 21%  521K 2s
   200K .......... .......... .......... .......... .......... 26%  784K 1s
   250K .......... .......... .......... .......... .......... 31% 1.50M 1s
   300K .......... .......... .......... .......... .......... 36%  787K 1s
   350K .......... .......... .......... .......... .......... 42%  808K 1s
   400K .......... .......... .......... .......... .......... 47% 1.47M 1s
   450K .......... .......... .......... .......... .......... 52%  814K 1s
   500K .......... .......... .......... .......... .......... 57% 1.50M 1s
   550K .......... .......... .......... .......... .......... 63% 1.51M 0s
   600K .......... .......... .......... .......... .......... 68% 1.52M 0s
   650K .......... .......... .......... .......... .......... 73%  824K 0s
   700K .......... .......... .......... .......... .......... 78% 1.56M 0s
   750K .......... .......... .......... .......... .......... 84% 1.48M 0s
   800K .......... .......... .......... .......... .......... 89% 1.58M 0s
   850K .......... .......... .......... .......... .......... 94% 1.51M 0s
   900K .......... .......... .......... .......... .......... 99% 1.62M 0s
   950K                                                       100%  522G=1.1s

2026-06-18 21:51:26 (884 KB/s) - '/work/out/build/.libtool-2.4.6.tar.xz.FZ72LX/output' saved [973080/973080]

libtool-2.4.6.tar.xz: OK (sha256: 7c87a8c2c8c0fc9cd5019e402bed4292462d00a718a7cd5f11218153bf28b26f)
>>> host-libtool 2.4.6 Extracting
xzcat /dl/libtool/libtool-2.4.6.tar.xz | tar --strip-components=1 -C /work/out/build/host-libtool-2.4.6   -xf -
>>> host-libtool 2.4.6 Patching
>>> host-libtool 2.4.6 Updating config.sub and config.guess
for file in config.guess config.sub; do for i in $(find /work/out/build/host-libtool-2.4.6 -name $file); do cp support/gnuconfig/$file $i; done; done
>>> host-libtool 2.4.6 Configuring
find /work/out/build/host-libtool-2.4.6 -name aclocal.m4 -exec touch '{}' \;
find /work/out/build/host-libtool-2.4.6 -name config-h.in -exec touch '{}' \;
find /work/out/build/host-libtool-2.4.6 -name configure -exec touch '{}' \;
find /work/out/build/host-libtool-2.4.6 -name Makefile.in -exec touch '{}' \;
(cd /work/out/build/host-libtool-2.4.6/. && rm -rf config.cache; GIT_DIR=. PATH="/work/out/host/bin:/work/out/host/sbin:/usr/local/sbin:/usr/local/bin:/usr/sbin:/usr/bin:/sbin:/bin" PKG_CONFIG="/work/out/host/bin/pkg-config" PKG_CONFIG_SYSROOT_DIR="/" PKG_CONFIG_ALLOW_SYSTEM_CFLAGS=1 PKG_CONFIG_ALLOW_SYSTEM_LIBS=1 PKG_CONFIG_LIBDIR="/work/out/host/lib/pkgconfig:/work/out/host/share/pkgconfig" AR="/usr/bin/ar" AS="/usr/bin/as" LD="/usr/bin/ld" NM="/usr/bin/nm" CC="/usr/bin/gcc" GCC="/usr/bin/gcc" CXX="/usr/bin/g++" CPP="/usr/bin/cpp" OBJCOPY="/usr/bin/objcopy" RANLIB="/usr/bin/ranlib" CPPFLAGS="-I/work/out/host/include" CFLAGS="-O2 -I/work/out/host/include" CXXFLAGS="-O2 -I/work/out/host/include" LDFLAGS="-L/work/out/host/lib -Wl,-rpath,/work/out/host/lib" INTLTOOL_PERL=/usr/bin/perl CFLAGS="-O2 -I/work/out/host/include" LDFLAGS="-L/work/out/host/lib -Wl,-rpath,/work/out/host/lib" MAKEINFO=true CONFIG_SITE=/dev/null ./configure --prefix="/work/out/host" --sysconfdir="/work/out/host/etc" --localstatedir="/work/out/host/var" --enable-shared --disable-static --disable-gtk-doc --disable-gtk-doc-html --disable-doc --disable-docs --disable-documentation --disable-debug --with-xmlto=no --with-fop=no --disable-nls --disable-dependency-tracking   )
configure: WARNING: unrecognized options: --disable-gtk-doc, --disable-gtk-doc-html, --disable-doc, --disable-docs, --disable-documentation, --disable-debug, --with-xmlto, --with-fop, --disable-nls
## ------------------------- ##
## Configuring libtool 2.4.6 ##
## ------------------------- ##

checking for GNU M4 that supports accurate traces... /work/out/host/bin/m4
checking whether /work/out/host/bin/m4 accepts --gnu... yes
checking how m4 supports trace files... --debugfile
checking for a BSD-compatible install... /usr/bin/install -c
checking whether build environment is sane... yes
checking for a thread-safe mkdir -p... /usr/bin/mkdir -p
checking for gawk... no
checking for mawk... mawk
checking whether make sets $(MAKE)... yes
checking whether make supports nested variables... yes
checking whether make supports nested variables... (cached) yes
checking build system type... aarch64-unknown-linux-gnu
checking host system type... aarch64-unknown-linux-gnu
configure: autobuild project... GNU Libtool
configure: autobuild revision... 2.4.6
configure: autobuild hostname... e9cc9c1f1162
configure: autobuild mode... default
configure: autobuild timestamp... 20260618T215127Z
checking for gcc... /usr/bin/gcc
checking whether the C compiler works... yes
checking for C compiler default output file name... a.out
checking for suffix of executables... 
checking whether we are cross compiling... no
checking for suffix of object files... o
checking whether we are using the GNU C compiler... yes
checking whether /usr/bin/gcc accepts -g... yes
checking for /usr/bin/gcc option to accept ISO C89... none needed
checking whether /usr/bin/gcc understands -c and -o together... yes
checking for style of include used by make... GNU
checking dependency style of /usr/bin/gcc... none
checking how to run the C preprocessor... /usr/bin/cpp
checking for grep that handles long lines and -e... /usr/bin/grep
checking for egrep... /usr/bin/grep -E
checking for Minix Amsterdam compiler... no
checking how to run the C preprocessor... /usr/bin/cpp
checking how to print strings... printf
checking for a sed that does not truncate output... /usr/bin/sed
checking for fgrep... /usr/bin/grep -F
checking for ld used by /usr/bin/gcc... /usr/bin/ld
checking if the linker (/usr/bin/ld) is GNU ld... yes
checking for BSD- or MS-compatible name lister (nm)... /usr/bin/nm
checking the name lister (/usr/bin/nm) interface... BSD nm
checking whether ln -s works... yes
checking the maximum length of command line arguments... 1572864
checking how to convert aarch64-unknown-linux-gnu file names to aarch64-unknown-linux-gnu format... func_convert_file_noop
checking how to convert aarch64-unknown-linux-gnu file names to toolchain format... func_convert_file_noop
checking for /usr/bin/ld option to reload object files... -r
checking for objdump... objdump
checking how to recognize dependent libraries... pass_all
checking for dlltool... no
checking how to associate runtime and link libraries... printf %s\n
checking for archiver @FILE support... @
checking for strip... strip
checking for ranlib... /usr/bin/ranlib
checking command to parse /usr/bin/nm output from /usr/bin/gcc object... ok
checking for sysroot... no
checking for a working dd... /usr/bin/dd
checking how to truncate binary pipes... /usr/bin/dd bs=4096 count=1
checking for mt... mt
checking if mt is a manifest tool... no
checking for ANSI C header files... yes
checking for sys/types.h... yes
checking for sys/stat.h... yes
checking for stdlib.h... yes
checking for string.h... yes
checking for memory.h... yes
checking for strings.h... yes
checking for inttypes.h... yes
checking for stdint.h... yes
checking for unistd.h... yes
checking for dlfcn.h... yes
checking for objdir... .libs
checking if /usr/bin/gcc supports -fno-rtti -fno-exceptions... no
checking for /usr/bin/gcc option to produce PIC... -fPIC -DPIC
checking if /usr/bin/gcc PIC flag -fPIC -DPIC works... yes
checking if /usr/bin/gcc static flag -static works... yes
checking if /usr/bin/gcc supports -c -o file.o... yes
checking if /usr/bin/gcc supports -c -o file.o... (cached) yes
checking whether the /usr/bin/gcc linker (/usr/bin/ld) supports shared libraries... yes
checking whether -lc should be explicitly linked in... no
checking dynamic linker characteristics... GNU/Linux ld.so
checking how to hardcode library paths into programs... immediate
checking for shl_load... no
checking for shl_load in -ldld... no
checking for dlopen... yes
checking whether a program can dlopen itself... yes
checking whether a statically linked program can dlopen itself... no
checking whether stripping libraries is possible... yes
checking if libtool supports shared libraries... yes
checking whether to build shared libraries... yes
checking whether to build static libraries... no
checking what extension is used for runtime loadable modules... .so
checking what variable specifies run-time module search path... LD_LIBRARY_PATH
checking for the default library search path... /lib /usr/lib /usr/local/lib/aarch64-linux-gnu /lib/aarch64-linux-gnu /usr/lib/aarch64-linux-gnu /usr/local/lib 
checking for library containing dlopen... none required
checking for dlerror... yes
checking for shl_load... (cached) no
checking for shl_load in -ldld... (cached) no
checking for dld_link in -ldld... no
checking for _ prefix in compiled symbols... no
checking whether deplibs are loaded by dlopen... yes
checking for argz.h... yes
checking for error_t... yes
checking for argz_add... yes
checking for argz_append... yes
checking for argz_count... yes
checking for argz_create_sep... yes
checking for argz_insert... yes
checking for argz_next... yes
checking for argz_stringify... yes
checking if argz actually works... yes
checking whether libtool supports -dlopen/-dlpreopen... yes
checking for unistd.h... (cached) yes
checking for dl.h... no
checking for sys/dl.h... no
checking for dld.h... no
checking for mach-o/dyld.h... no
checking for dirent.h... yes
checking for closedir... yes
checking for opendir... yes
checking for readdir... yes
checking for strlcat... no
checking for strlcpy... no
checking whether we are using the GNU C++ compiler... yes
checking whether /usr/bin/g++ accepts -g... yes
checking dependency style of /usr/bin/g++... none
checking how to run the C++ preprocessor... /usr/bin/g++ -E
checking for ld used by /usr/bin/g++... /usr/bin/ld
checking if the linker (/usr/bin/ld) is GNU ld... yes
checking whether the /usr/bin/g++ linker (/usr/bin/ld) supports shared libraries... yes
checking for /usr/bin/g++ option to produce PIC... -fPIC -DPIC
checking if /usr/bin/g++ PIC flag -fPIC -DPIC works... yes
checking if /usr/bin/g++ static flag -static works... yes
checking if /usr/bin/g++ supports -c -o file.o... yes
checking if /usr/bin/g++ supports -c -o file.o... (cached) yes
checking whether the /usr/bin/g++ linker (/usr/bin/ld) supports shared libraries... yes
checking dynamic linker characteristics... (cached) GNU/Linux ld.so
checking how to hardcode library paths into programs... immediate
checking for g77... no
checking for xlf... no
checking for f77... no
checking for frt... no
checking for pgf77... no
checking for cf77... no
checking for fort77... no
checking for fl32... no
checking for af77... no
checking for xlf90... no
checking for f90... no
checking for pgf90... no
checking for pghpf... no
checking for epcf90... no
checking for gfortran... no
checking for g95... no
checking for xlf95... no
checking for f95... no
checking for fort... no
checking for ifort... no
checking for ifc... no
checking for efc... no
checking for pgfortran... no
checking for pgf95... no
checking for lf95... no
checking for ftn... no
checking for nagfor... no
checking whether we are using the GNU Fortran 77 compiler... no
checking whether  accepts -g... no
checking for gfortran... no
checking for g95... no
checking for xlf95... no
checking for f95... no
checking for fort... no
checking for ifort... no
checking for ifc... no
checking for efc... no
checking for pgfortran... no
checking for pgf95... no
checking for lf95... no
checking for ftn... no
checking for nagfor... no
checking for xlf90... no
checking for f90... no
checking for pgf90... no
checking for pghpf... no
checking for epcf90... no
checking for g77... no
checking for xlf... no
checking for f77... no
checking for frt... no
checking for pgf77... no
checking for cf77... no
checking for fort77... no
checking for fl32... no
checking for af77... no
checking whether we are using the GNU Fortran compiler... no
checking whether  accepts -g... no
checking for gccgo... no
checking for gcj... no
checking for windres... no
checking that generated files are newer than configure... done
configure: creating ./config.status
config.status: creating Makefile
config.status: creating config.h
config.status: executing tests/atconfig commands
config.status: executing depfiles commands
config.status: executing libtool commands
configure: WARNING: unrecognized options: --disable-gtk-doc, --disable-gtk-doc-html, --disable-doc, --disable-docs, --disable-documentation, --disable-debug, --with-xmlto, --with-fop, --disable-nls
>>> host-libtool 2.4.6 Building
GIT_DIR=. PATH="/work/out/host/bin:/work/out/host/sbin:/usr/local/sbin:/usr/local/bin:/usr/sbin:/usr/bin:/sbin:/bin" PKG_CONFIG="/work/out/host/bin/pkg-config" PKG_CONFIG_SYSROOT_DIR="/" PKG_CONFIG_ALLOW_SYSTEM_CFLAGS=1 PKG_CONFIG_ALLOW_SYSTEM_LIBS=1 PKG_CONFIG_LIBDIR="/work/out/host/lib/pkgconfig:/work/out/host/share/pkgconfig"  /usr/bin/make   -C /work/out/build/host-libtool-2.4.6/.
make[1]: Entering directory '/work/out/build/host-libtool-2.4.6'
  GEN      libtoolize
/usr/bin/make  all-recursive
make[2]: Entering directory '/work/out/build/host-libtool-2.4.6'
Making all in .
make[3]: Entering directory '/work/out/build/host-libtool-2.4.6'
make[4]: Entering directory '/work/out/build/host-libtool-2.4.6'
  CC       libltdl/loaders/dlopen.lo
  CC       libltdl/lt__strl.lo
make[4]: Leaving directory '/work/out/build/host-libtool-2.4.6'
  CC       libltdl/loaders/libltdl_libltdl_la-preopen.lo
  CC       libltdl/libltdl_libltdl_la-lt__alloc.lo
  CC       libltdl/libltdl_libltdl_la-lt_dlloader.lo
  CC       libltdl/libltdl_libltdl_la-lt_error.lo
  CC       libltdl/libltdl_libltdl_la-ltdl.lo
  CC       libltdl/libltdl_libltdl_la-slist.lo
  CCLD     libltdl/dlopen.la
/usr/bin/ar: `u' modifier ignored since `D' is the default (see `U')
  CCLD     libltdl/libltdl.la
  GEN      libltdl/stamp-mk
make[3]: Leaving directory '/work/out/build/host-libtool-2.4.6'
make[2]: Leaving directory '/work/out/build/host-libtool-2.4.6'
make[1]: Leaving directory '/work/out/build/host-libtool-2.4.6'
>>> host-libtool 2.4.6 Installing to host directory
GIT_DIR=. PATH="/work/out/host/bin:/work/out/host/sbin:/usr/local/sbin:/usr/local/bin:/usr/sbin:/usr/bin:/sbin:/bin" PKG_CONFIG="/work/out/host/bin/pkg-config" PKG_CONFIG_SYSROOT_DIR="/" PKG_CONFIG_ALLOW_SYSTEM_CFLAGS=1 PKG_CONFIG_ALLOW_SYSTEM_LIBS=1 PKG_CONFIG_LIBDIR="/work/out/host/lib/pkgconfig:/work/out/host/share/pkgconfig"  /usr/bin/make  install -C /work/out/build/host-libtool-2.4.6/.
make[1]: Entering directory '/work/out/build/host-libtool-2.4.6'
/usr/bin/make  install-recursive
make[2]: Entering directory '/work/out/build/host-libtool-2.4.6'
Making install in .
make[3]: Entering directory '/work/out/build/host-libtool-2.4.6'
make[4]: Entering directory '/work/out/build/host-libtool-2.4.6'
 /usr/bin/mkdir -p '/work/out/host/bin'
 /usr/bin/mkdir -p '/work/out/host/lib'
 /usr/bin/mkdir -p '/work/out/host/include'
 /bin/bash ./libtool   --mode=install /usr/bin/install -c   libltdl/libltdl.la '/work/out/host/lib'
 GREP='/usr/bin/grep' SED='/usr/bin/sed' './build-aux/inline-source' libtoolize > '/work/out/host/bin/libtoolize'
 /usr/bin/install -c libtool '/work/out/host/bin'
 /usr/bin/install -c -m 644 libltdl/ltdl.h '/work/out/host/include'
 /usr/bin/mkdir -p '/work/out/host/include/libltdl'
 /usr/bin/mkdir -p '/work/out/host/share/info'
 /usr/bin/install -c -m 644 libltdl/libltdl/lt_system.h libltdl/libltdl/lt_error.h libltdl/libltdl/lt_dlloader.h '/work/out/host/include/libltdl'
 /usr/bin/install -c -m 644 ./doc/libtool.info ./doc/libtool.info-1 ./doc/libtool.info-2 '/work/out/host/share/info'
 /usr/bin/mkdir -p '/work/out/host/share/man/man1'
libtool: install: /usr/bin/install -c libltdl/.libs/libltdl.so.7.3.1 /work/out/host/lib/libltdl.so.7.3.1
 /usr/bin/install -c -m 644 ./doc/libtool.1 ./doc/libtoolize.1 '/work/out/host/share/man/man1'
libtool: install: (cd /work/out/host/lib && { ln -s -f libltdl.so.7.3.1 libltdl.so.7 || { rm -f libltdl.so.7 && ln -s libltdl.so.7.3.1 libltdl.so.7; }; })
libtool: install: (cd /work/out/host/lib && { ln -s -f libltdl.so.7.3.1 libltdl.so || { rm -f libltdl.so && ln -s libltdl.so.7.3.1 libltdl.so; }; })
libtool: install: /usr/bin/install -c libltdl/.libs/libltdl.lai /work/out/host/lib/libltdl.la
rm -rf '/work/out/host/share/libtool'/*
 /usr/bin/install -c -m 644 './m4/libtool.m4' '/work/out/host/share/aclocal/libtool.m4'
 /usr/bin/install -c -m 644 './m4/ltargz.m4' '/work/out/host/share/aclocal/ltargz.m4'
libtool: finish: PATH="/work/out/host/bin:/work/out/host/sbin:/usr/local/sbin:/usr/local/bin:/usr/sbin:/usr/bin:/sbin:/bin:/sbin" ldconfig -n /work/out/host/lib
----------------------------------------------------------------------
Libraries have been installed in:
   /work/out/host/lib

If you ever happen to want to link against installed libraries
in a given directory, LIBDIR, you must either use libtool, and
specify the full pathname of the library, or use the '-LLIBDIR'
flag during linking and do at least one of the following:
   - add LIBDIR to the 'LD_LIBRARY_PATH' environment variable
     during execution
   - add LIBDIR to the 'LD_RUN_PATH' environment variable
     during linking
   - use the '-Wl,-rpath -Wl,LIBDIR' linker flag
   - have your system administrator add LIBDIR to '/etc/ld.so.conf'

See any operating system documentation about shared libraries for
more information, such as the ld(1) and ld.so(8) manual pages.
----------------------------------------------------------------------
 /usr/bin/install -c -m 644 './m4/ltdl.m4' '/work/out/host/share/aclocal/ltdl.m4'
 /usr/bin/install -c -m 644 './m4/ltoptions.m4' '/work/out/host/share/aclocal/ltoptions.m4'
 /usr/bin/install -c -m 644 './m4/ltsugar.m4' '/work/out/host/share/aclocal/ltsugar.m4'
 /usr/bin/install -c -m 644 './m4/ltversion.m4' '/work/out/host/share/aclocal/ltversion.m4'
 /usr/bin/install -c -m 644 './m4/lt~obsolete.m4' '/work/out/host/share/aclocal/lt~obsolete.m4'
 /usr/bin/install -c './build-aux/compile' '/work/out/host/share/libtool/build-aux/compile'
 /usr/bin/install -c './build-aux/config.guess' '/work/out/host/share/libtool/build-aux/config.guess'
 /usr/bin/install -c './build-aux/config.sub' '/work/out/host/share/libtool/build-aux/config.sub'
 /usr/bin/install -c './build-aux/depcomp' '/work/out/host/share/libtool/build-aux/depcomp'
 /usr/bin/install -c './build-aux/install-sh' '/work/out/host/share/libtool/build-aux/install-sh'
 /usr/bin/install -c './build-aux/missing' '/work/out/host/share/libtool/build-aux/missing'
 /usr/bin/install -c -m 644 './build-aux/ltmain.sh' '/work/out/host/share/libtool/build-aux/ltmain.sh'
 /usr/bin/install -c -m 644 './libltdl/COPYING.LIB' '/work/out/host/share/libtool/COPYING.LIB'
 /usr/bin/install -c -m 644 './libltdl/Makefile.am' '/work/out/host/share/libtool/Makefile.am'
 /usr/bin/install -c -m 644 './libltdl/README' '/work/out/host/share/libtool/README'
 /usr/bin/install -c -m 644 './libltdl/configure.ac' '/work/out/host/share/libtool/configure.ac'
 /usr/bin/install -c -m 644 './libltdl/aclocal.m4' '/work/out/host/share/libtool/aclocal.m4'
 /usr/bin/install -c -m 644 './libltdl/Makefile.in' '/work/out/host/share/libtool/Makefile.in'
 /usr/bin/install -c -m 644 './libltdl/config-h.in' '/work/out/host/share/libtool/config-h.in'
 /usr/bin/install -c -m 644 './libltdl/configure' '/work/out/host/share/libtool/configure'
 /usr/bin/install -c -m 644 './libltdl/libltdl/lt__alloc.h' '/work/out/host/share/libtool/libltdl/lt__alloc.h'
 /usr/bin/install -c -m 644 './libltdl/libltdl/lt__argz_.h' '/work/out/host/share/libtool/libltdl/lt__argz_.h'
 /usr/bin/install -c -m 644 './libltdl/libltdl/lt__dirent.h' '/work/out/host/share/libtool/libltdl/lt__dirent.h'
 /usr/bin/install -c -m 644 './libltdl/libltdl/lt__glibc.h' '/work/out/host/share/libtool/libltdl/lt__glibc.h'
 /usr/bin/install -c -m 644 './libltdl/libltdl/lt__private.h' '/work/out/host/share/libtool/libltdl/lt__private.h'
 /usr/bin/install -c -m 644 './libltdl/libltdl/lt__strl.h' '/work/out/host/share/libtool/libltdl/lt__strl.h'
 /usr/bin/install -c -m 644 './libltdl/libltdl/lt_dlloader.h' '/work/out/host/share/libtool/libltdl/lt_dlloader.h'
 /usr/bin/install -c -m 644 './libltdl/libltdl/lt_error.h' '/work/out/host/share/libtool/libltdl/lt_error.h'
 /usr/bin/install -c -m 644 './libltdl/libltdl/lt_system.h' '/work/out/host/share/libtool/libltdl/lt_system.h'
 /usr/bin/install -c -m 644 './libltdl/libltdl/slist.h' '/work/out/host/share/libtool/libltdl/slist.h'
 /usr/bin/install -c -m 644 './libltdl/loaders/dld_link.c' '/work/out/host/share/libtool/loaders/dld_link.c'
 /usr/bin/install -c -m 644 './libltdl/loaders/dlopen.c' '/work/out/host/share/libtool/loaders/dlopen.c'
 /usr/bin/install -c -m 644 './libltdl/loaders/dyld.c' '/work/out/host/share/libtool/loaders/dyld.c'
 /usr/bin/install -c -m 644 './libltdl/loaders/load_add_on.c' '/work/out/host/share/libtool/loaders/load_add_on.c'
 /usr/bin/install -c -m 644 './libltdl/loaders/loadlibrary.c' '/work/out/host/share/libtool/loaders/loadlibrary.c'
 /usr/bin/install -c -m 644 './libltdl/loaders/preopen.c' '/work/out/host/share/libtool/loaders/preopen.c'
 /usr/bin/install -c -m 644 './libltdl/loaders/shl_load.c' '/work/out/host/share/libtool/loaders/shl_load.c'
 /usr/bin/install -c -m 644 './libltdl/lt__alloc.c' '/work/out/host/share/libtool/lt__alloc.c'
 /usr/bin/install -c -m 644 './libltdl/lt__argz.c' '/work/out/host/share/libtool/lt__argz.c'
 /usr/bin/install -c -m 644 './libltdl/lt__dirent.c' '/work/out/host/share/libtool/lt__dirent.c'
 /usr/bin/install -c -m 644 './libltdl/lt__strl.c' '/work/out/host/share/libtool/lt__strl.c'
 /usr/bin/install -c -m 644 './libltdl/lt_dlloader.c' '/work/out/host/share/libtool/lt_dlloader.c'
 /usr/bin/install -c -m 644 './libltdl/lt_error.c' '/work/out/host/share/libtool/lt_error.c'
 /usr/bin/install -c -m 644 './libltdl/ltdl.c' '/work/out/host/share/libtool/ltdl.c'
 /usr/bin/install -c -m 644 './libltdl/ltdl.h' '/work/out/host/share/libtool/ltdl.h'
 /usr/bin/install -c -m 644 './libltdl/ltdl.mk' '/work/out/host/share/libtool/ltdl.mk'
 /usr/bin/install -c -m 644 './libltdl/slist.c' '/work/out/host/share/libtool/slist.c'
chmod a+x '/work/out/host/share/libtool/configure'
make[4]: Leaving directory '/work/out/build/host-libtool-2.4.6'
make[3]: Leaving directory '/work/out/build/host-libtool-2.4.6'
make[2]: Leaving directory '/work/out/build/host-libtool-2.4.6'
make[1]: Leaving directory '/work/out/build/host-libtool-2.4.6'
>>> host-autoconf 2.72 Downloading
wget -nd -t 3 -O '/work/out/build/.autoconf-2.72.tar.xz.yVDv0H/output' 'https://ftpmirror.gnu.org/autoconf/autoconf-2.72.tar.xz' 
--2026-06-18 21:51:29--  https://ftpmirror.gnu.org/autoconf/autoconf-2.72.tar.xz
Resolving ftpmirror.gnu.org (ftpmirror.gnu.org)... 209.51.188.200
Connecting to ftpmirror.gnu.org (ftpmirror.gnu.org)|209.51.188.200|:443... connected.
HTTP request sent, awaiting response... 302 Moved Temporarily
Location: https://mirror.truenetwork.ru/gnu/autoconf/autoconf-2.72.tar.xz [following]
--2026-06-18 21:51:30--  https://mirror.truenetwork.ru/gnu/autoconf/autoconf-2.72.tar.xz
Resolving mirror.truenetwork.ru (mirror.truenetwork.ru)... 94.247.111.11
Connecting to mirror.truenetwork.ru (mirror.truenetwork.ru)|94.247.111.11|:443... connected.
HTTP request sent, awaiting response... 200 OK
Length: 1389680 (1.3M) [application/octet-stream]
Saving to: '/work/out/build/.autoconf-2.72.tar.xz.yVDv0H/output'

     0K .......... .......... .......... .......... ..........  3%  739K 2s
    50K .......... .......... .......... .......... ..........  7% 1.11M 1s
   100K .......... .......... .......... .......... .......... 11% 3.01M 1s
   150K .......... .......... .......... .......... .......... 14% 3.60M 1s
   200K .......... .......... .......... .......... .......... 18% 1.65M 1s
   250K .......... .......... .......... .......... .......... 22% 5.92M 1s
   300K .......... .......... .......... .......... .......... 25% 6.89M 1s
   350K .......... .......... .......... .......... .......... 29% 4.83M 0s
   400K .......... .......... .......... .......... .......... 33% 2.00M 0s
   450K .......... .......... .......... .......... .......... 36% 12.2M 0s
   500K .......... .......... .......... .......... .......... 40% 8.59M 0s
   550K .......... .......... .......... .......... .......... 44% 11.1M 0s
   600K .......... .......... .......... .......... .......... 47% 15.0M 0s
   650K .......... .......... .......... .......... .......... 51% 11.9M 0s
   700K .......... .......... .......... .......... .......... 55% 13.9M 0s
   750K .......... .......... .......... .......... .......... 58% 6.78M 0s
   800K .......... .......... .......... .......... .......... 62% 1.91M 0s
   850K .......... .......... .......... .......... .......... 66% 16.7M 0s
   900K .......... .......... .......... .......... .......... 70% 16.7M 0s
   950K .......... .......... .......... .......... .......... 73% 17.5M 0s
  1000K .......... .......... .......... .......... .......... 77% 19.9M 0s
  1050K .......... .......... .......... .......... .......... 81% 11.1M 0s
  1100K .......... .......... .......... .......... .......... 84% 90.5M 0s
  1150K .......... .......... .......... .......... .......... 88% 14.0M 0s
  1200K .......... .......... .......... .......... .......... 92% 14.3M 0s
  1250K .......... .......... .......... .......... .......... 95% 22.8M 0s
  1300K .......... .......... .......... .......... .......... 99% 33.6M 0s
  1350K .......                                               100%  254M=0.3s

2026-06-18 21:51:30 (4.35 MB/s) - '/work/out/build/.autoconf-2.72.tar.xz.yVDv0H/output' saved [1389680/1389680]

autoconf-2.72.tar.xz: OK (sha256: ba885c1319578d6c94d46e9b0dceb4014caafe2490e437a0dbca3f270a223f5a)
>>> host-autoconf 2.72 Extracting
xzcat /dl/autoconf/autoconf-2.72.tar.xz | tar --strip-components=1 -C /work/out/build/host-autoconf-2.72   -xf -
>>> host-autoconf 2.72 Patching

Applying 0001-dont-add-dirty-to-version.patch using patch: 
patching file build-aux/git-version-gen
>>> host-autoconf 2.72 Updating config.sub and config.guess
for file in config.guess config.sub; do for i in $(find /work/out/build/host-autoconf-2.72 -name $file); do cp support/gnuconfig/$file $i; done; done
>>> host-autoconf 2.72 Patching libtool
>>> host-autoconf 2.72 Configuring
(cd /work/out/build/host-autoconf-2.72/ && rm -rf config.cache; GIT_DIR=. PATH="/work/out/host/bin:/work/out/host/sbin:/usr/local/sbin:/usr/local/bin:/usr/sbin:/usr/bin:/sbin:/bin" PKG_CONFIG="/work/out/host/bin/pkg-config" PKG_CONFIG_SYSROOT_DIR="/" PKG_CONFIG_ALLOW_SYSTEM_CFLAGS=1 PKG_CONFIG_ALLOW_SYSTEM_LIBS=1 PKG_CONFIG_LIBDIR="/work/out/host/lib/pkgconfig:/work/out/host/share/pkgconfig" AR="/usr/bin/ar" AS="/usr/bin/as" LD="/usr/bin/ld" NM="/usr/bin/nm" CC="/usr/bin/gcc" GCC="/usr/bin/gcc" CXX="/usr/bin/g++" CPP="/usr/bin/cpp" OBJCOPY="/usr/bin/objcopy" RANLIB="/usr/bin/ranlib" CPPFLAGS="-I/work/out/host/include" CFLAGS="-O2 -I/work/out/host/include" CXXFLAGS="-O2 -I/work/out/host/include" LDFLAGS="-L/work/out/host/lib -Wl,-rpath,/work/out/host/lib" INTLTOOL_PERL=/usr/bin/perl CFLAGS="-O2 -I/work/out/host/include" LDFLAGS="-L/work/out/host/lib -Wl,-rpath,/work/out/host/lib" EMACS="no" ac_cv_path_M4=/work/out/host/bin/m4 ac_cv_prog_gnu_m4_gnu=no CONFIG_SITE=/dev/null ./configure --prefix="/work/out/host" --sysconfdir="/work/out/host/etc" --localstatedir="/work/out/host/var" --enable-shared --disable-static --disable-gtk-doc --disable-gtk-doc-html --disable-doc --disable-docs --disable-documentation --disable-debug --with-xmlto=no --with-fop=no --disable-nls --disable-dependency-tracking   )
configure: WARNING: unrecognized options: --enable-shared, --disable-static, --disable-gtk-doc, --disable-gtk-doc-html, --disable-doc, --disable-docs, --disable-documentation, --disable-debug, --with-xmlto, --with-fop, --disable-nls, --disable-dependency-tracking
checking for a BSD-compatible install... /usr/bin/install -c
checking whether build environment is sane... yes
checking for a race-free mkdir -p... /usr/bin/mkdir -p
checking for gawk... no
checking for mawk... mawk
checking whether make sets $(MAKE)... yes
checking whether make supports nested variables... yes
checking build system type... aarch64-unknown-linux-gnu
checking host system type... aarch64-unknown-linux-gnu
configure: autobuild project... GNU Autoconf
configure: autobuild revision... 2.72
configure: autobuild hostname... e9cc9c1f1162
configure: autobuild timestamp... 20260618T215131Z
checking for a shell whose -n mode is known to work... /bin/bash
checking for characters that cannot appear in file names... none
checking whether directories can have trailing spaces... yes
checking for expr... /usr/bin/expr
checking for GNU M4 that supports accurate traces... (cached) /work/out/host/bin/m4
checking whether /work/out/host/bin/m4 accepts --gnu... (cached) no
checking how m4 supports trace files... --debugfile
checking for perl... /usr/bin/perl
checking whether /usr/bin/perl Fcntl::flock is implemented... yes
checking for emacs... no
checking for emacs... no
checking where .elc files should go... ${datadir}/emacs/site-lisp
checking for grep that handles long lines and -e... /usr/bin/grep
checking for egrep... /usr/bin/grep -E
checking for a sed that does not truncate output... /usr/bin/sed
checking whether make is case sensitive... yes
checking that generated files are newer than configure... done
configure: creating ./config.status
config.status: creating tests/atlocal
config.status: creating Makefile
config.status: creating lib/version.m4
config.status: executing tests/atconfig commands
configure: WARNING: unrecognized options: --enable-shared, --disable-static, --disable-gtk-doc, --disable-gtk-doc-html, --disable-doc, --disable-docs, --disable-documentation, --disable-debug, --with-xmlto, --with-fop, --disable-nls, --disable-dependency-tracking

You are about to use an experimental version of Autoconf.  Be sure to
read the relevant mailing lists, most importantly <autoconf@gnu.org>.

Below you will find information on the status of this version of Autoconf.

* Status

                 /*------------------------------------.
                 | New features need further testing.  |
                 `------------------------------------*/

* Autotest parallel testsuite support is still a work in progress.
  There are known issues in job handling under dash and some ksh
  variants, where a parallel testsuite can hang or cause a 100%
  processor load.  In the current release, the overall autoconf
  testsuite only exercises parallel autotest under bash and zsh, or if
  you have defined TEST_PARALLEL_AUTOTEST in the environment.
  Meanwhile, Cygwin has known problems with named fifos that cause
  failures when attempting parallel tests in an autotest suite.  It is
  possible that other difficulties will be encountered, whether with
  shell or platform limitations; help is appreciated in improving
  parallel testsuite support.

>>> host-autoconf 2.72 Building
GIT_DIR=. PATH="/work/out/host/bin:/work/out/host/sbin:/usr/local/sbin:/usr/local/bin:/usr/sbin:/usr/bin:/sbin:/bin" PKG_CONFIG="/work/out/host/bin/pkg-config" PKG_CONFIG_SYSROOT_DIR="/" PKG_CONFIG_ALLOW_SYSTEM_CFLAGS=1 PKG_CONFIG_ALLOW_SYSTEM_LIBS=1 PKG_CONFIG_LIBDIR="/work/out/host/lib/pkgconfig:/work/out/host/share/pkgconfig"  /usr/bin/make   -C /work/out/build/host-autoconf-2.72/
make[1]: Entering directory '/work/out/build/host-autoconf-2.72'
/usr/bin/make  all-am
make[2]: Entering directory '/work/out/build/host-autoconf-2.72'
rm -f bin/autoconf bin/autoconf.tmp
rm -f bin/autoheader bin/autoheader.tmp
rm -f bin/autom4te bin/autom4te.tmp
/usr/bin/mkdir -p bin
/usr/bin/mkdir -p bin
/usr/bin/mkdir -p bin
rm -f bin/autoreconf bin/autoreconf.tmp
srcdir=''; \
  test -f ./bin/autom4te.in || srcdir=./; \
  sed -e 's|@SHELL[@]|/bin/bash|g' -e 's|@PERL[@]|/usr/bin/perl|g' -e 's|@PERL_FLOCK[@]|yes|g' -e 's|@bindir[@]|/work/out/host/bin|g' -e 's|@pkgdatadir[@]|/work/out/host/share/autoconf|g' -e 's|@prefix[@]|/work/out/host|g' -e 's|@autoconf-name[@]|'`echo autoconf | sed 's,x,x,'`'|g' -e 's|@autoheader-name[@]|'`echo autoheader | sed 's,x,x,'`'|g' -e 's|@autom4te-name[@]|'`echo autom4te | sed 's,x,x,'`'|g' -e 's|@M4[@]|/work/out/host/bin/m4|g' -e 's|@M4_DEBUGFILE[@]|--debugfile|g' -e 's|@M4_GNU[@]||g' -e 's|@AWK[@]|mawk|g' -e 's|@RELEASE_YEAR[@]|2023|g' -e 's|@VERSION[@]|2.72|g' -e 's|@PACKAGE_NAME[@]|GNU Autoconf|g' -e 's|@configure_input[@]|Generated from bin/autom4te.in; do not edit by hand.|g' ${srcdir}bin/autom4te.in >bin/autom4te.tmp
srcdir=''; \
  test -f ./bin/autoconf.in || srcdir=./; \
  sed -e 's|@SHELL[@]|/bin/bash|g' -e 's|@PERL[@]|/usr/bin/perl|g' -e 's|@PERL_FLOCK[@]|yes|g' -e 's|@bindir[@]|/work/out/host/bin|g' -e 's|@pkgdatadir[@]|/work/out/host/share/autoconf|g' -e 's|@prefix[@]|/work/out/host|g' -e 's|@autoconf-name[@]|'`echo autoconf | sed 's,x,x,'`'|g' -e 's|@autoheader-name[@]|'`echo autoheader | sed 's,x,x,'`'|g' -e 's|@autom4te-name[@]|'`echo autom4te | sed 's,x,x,'`'|g' -e 's|@M4[@]|/work/out/host/bin/m4|g' -e 's|@M4_DEBUGFILE[@]|--debugfile|g' -e 's|@M4_GNU[@]||g' -e 's|@AWK[@]|mawk|g' -e 's|@RELEASE_YEAR[@]|2023|g' -e 's|@VERSION[@]|2.72|g' -e 's|@PACKAGE_NAME[@]|GNU Autoconf|g' -e 's|@configure_input[@]|Generated from bin/autoconf.in; do not edit by hand.|g' ${srcdir}bin/autoconf.in >bin/autoconf.tmp
/usr/bin/mkdir -p bin
srcdir=''; \
  test -f ./bin/autoheader.in || srcdir=./; \
  sed -e 's|@SHELL[@]|/bin/bash|g' -e 's|@PERL[@]|/usr/bin/perl|g' -e 's|@PERL_FLOCK[@]|yes|g' -e 's|@bindir[@]|/work/out/host/bin|g' -e 's|@pkgdatadir[@]|/work/out/host/share/autoconf|g' -e 's|@prefix[@]|/work/out/host|g' -e 's|@autoconf-name[@]|'`echo autoconf | sed 's,x,x,'`'|g' -e 's|@autoheader-name[@]|'`echo autoheader | sed 's,x,x,'`'|g' -e 's|@autom4te-name[@]|'`echo autom4te | sed 's,x,x,'`'|g' -e 's|@M4[@]|/work/out/host/bin/m4|g' -e 's|@M4_DEBUGFILE[@]|--debugfile|g' -e 's|@M4_GNU[@]||g' -e 's|@AWK[@]|mawk|g' -e 's|@RELEASE_YEAR[@]|2023|g' -e 's|@VERSION[@]|2.72|g' -e 's|@PACKAGE_NAME[@]|GNU Autoconf|g' -e 's|@configure_input[@]|Generated from bin/autoheader.in; do not edit by hand.|g' ${srcdir}bin/autoheader.in >bin/autoheader.tmp
srcdir=''; \
  test -f ./bin/autoreconf.in || srcdir=./; \
  sed -e 's|@SHELL[@]|/bin/bash|g' -e 's|@PERL[@]|/usr/bin/perl|g' -e 's|@PERL_FLOCK[@]|yes|g' -e 's|@bindir[@]|/work/out/host/bin|g' -e 's|@pkgdatadir[@]|/work/out/host/share/autoconf|g' -e 's|@prefix[@]|/work/out/host|g' -e 's|@autoconf-name[@]|'`echo autoconf | sed 's,x,x,'`'|g' -e 's|@autoheader-name[@]|'`echo autoheader | sed 's,x,x,'`'|g' -e 's|@autom4te-name[@]|'`echo autom4te | sed 's,x,x,'`'|g' -e 's|@M4[@]|/work/out/host/bin/m4|g' -e 's|@M4_DEBUGFILE[@]|--debugfile|g' -e 's|@M4_GNU[@]||g' -e 's|@AWK[@]|mawk|g' -e 's|@RELEASE_YEAR[@]|2023|g' -e 's|@VERSION[@]|2.72|g' -e 's|@PACKAGE_NAME[@]|GNU Autoconf|g' -e 's|@configure_input[@]|Generated from bin/autoreconf.in; do not edit by hand.|g' ${srcdir}bin/autoreconf.in >bin/autoreconf.tmp
chmod +x bin/autoconf.tmp
chmod +x bin/autom4te.tmp
chmod a-w bin/autoconf.tmp
chmod a-w bin/autom4te.tmp
chmod +x bin/autoheader.tmp
mv bin/autoconf.tmp bin/autoconf
mv bin/autom4te.tmp bin/autom4te
chmod +x bin/autoreconf.tmp
chmod a-w bin/autoheader.tmp
rm -f bin/autoscan bin/autoscan.tmp
chmod a-w bin/autoreconf.tmp
mv bin/autoheader.tmp bin/autoheader
/usr/bin/mkdir -p bin
rm -f bin/autoupdate bin/autoupdate.tmp
mv bin/autoreconf.tmp bin/autoreconf
srcdir=''; \
  test -f ./bin/autoscan.in || srcdir=./; \
  sed -e 's|@SHELL[@]|/bin/bash|g' -e 's|@PERL[@]|/usr/bin/perl|g' -e 's|@PERL_FLOCK[@]|yes|g' -e 's|@bindir[@]|/work/out/host/bin|g' -e 's|@pkgdatadir[@]|/work/out/host/share/autoconf|g' -e 's|@prefix[@]|/work/out/host|g' -e 's|@autoconf-name[@]|'`echo autoconf | sed 's,x,x,'`'|g' -e 's|@autoheader-name[@]|'`echo autoheader | sed 's,x,x,'`'|g' -e 's|@autom4te-name[@]|'`echo autom4te | sed 's,x,x,'`'|g' -e 's|@M4[@]|/work/out/host/bin/m4|g' -e 's|@M4_DEBUGFILE[@]|--debugfile|g' -e 's|@M4_GNU[@]||g' -e 's|@AWK[@]|mawk|g' -e 's|@RELEASE_YEAR[@]|2023|g' -e 's|@VERSION[@]|2.72|g' -e 's|@PACKAGE_NAME[@]|GNU Autoconf|g' -e 's|@configure_input[@]|Generated from bin/autoscan.in; do not edit by hand.|g' ${srcdir}bin/autoscan.in >bin/autoscan.tmp
/usr/bin/mkdir -p bin
rm -f bin/ifnames bin/ifnames.tmp
rm -f lib/autom4te.cfg lib/autom4te.cfg-t
srcdir=''; \
  test -f ./bin/autoupdate.in || srcdir=./; \
  sed -e 's|@SHELL[@]|/bin/bash|g' -e 's|@PERL[@]|/usr/bin/perl|g' -e 's|@PERL_FLOCK[@]|yes|g' -e 's|@bindir[@]|/work/out/host/bin|g' -e 's|@pkgdatadir[@]|/work/out/host/share/autoconf|g' -e 's|@prefix[@]|/work/out/host|g' -e 's|@autoconf-name[@]|'`echo autoconf | sed 's,x,x,'`'|g' -e 's|@autoheader-name[@]|'`echo autoheader | sed 's,x,x,'`'|g' -e 's|@autom4te-name[@]|'`echo autom4te | sed 's,x,x,'`'|g' -e 's|@M4[@]|/work/out/host/bin/m4|g' -e 's|@M4_DEBUGFILE[@]|--debugfile|g' -e 's|@M4_GNU[@]||g' -e 's|@AWK[@]|mawk|g' -e 's|@RELEASE_YEAR[@]|2023|g' -e 's|@VERSION[@]|2.72|g' -e 's|@PACKAGE_NAME[@]|GNU Autoconf|g' -e 's|@configure_input[@]|Generated from bin/autoupdate.in; do not edit by hand.|g' ${srcdir}bin/autoupdate.in >bin/autoupdate.tmp
/usr/bin/mkdir -p lib
/usr/bin/mkdir -p bin
sed -e 's|@SHELL[@]|/bin/bash|g' -e 's|@PERL[@]|/usr/bin/perl|g' -e 's|@PERL_FLOCK[@]|yes|g' -e 's|@bindir[@]|/work/out/host/bin|g' -e 's|@pkgdatadir[@]|/work/out/host/share/autoconf|g' -e 's|@prefix[@]|/work/out/host|g' -e 's|@autoconf-name[@]|'`echo autoconf | sed 's,x,x,'`'|g' -e 's|@autoheader-name[@]|'`echo autoheader | sed 's,x,x,'`'|g' -e 's|@autom4te-name[@]|'`echo autom4te | sed 's,x,x,'`'|g' -e 's|@M4[@]|/work/out/host/bin/m4|g' -e 's|@M4_DEBUGFILE[@]|--debugfile|g' -e 's|@M4_GNU[@]||g' -e 's|@AWK[@]|mawk|g' -e 's|@RELEASE_YEAR[@]|2023|g' -e 's|@VERSION[@]|2.72|g' -e 's|@PACKAGE_NAME[@]|GNU Autoconf|g' -e 's|@configure_input[@]|Generated from lib/autom4te.cfg.in; do not edit by hand.|g' ./lib/autom4te.in >lib/autom4te.cfg-t
srcdir=''; \
  test -f ./bin/ifnames.in || srcdir=./; \
  sed -e 's|@SHELL[@]|/bin/bash|g' -e 's|@PERL[@]|/usr/bin/perl|g' -e 's|@PERL_FLOCK[@]|yes|g' -e 's|@bindir[@]|/work/out/host/bin|g' -e 's|@pkgdatadir[@]|/work/out/host/share/autoconf|g' -e 's|@prefix[@]|/work/out/host|g' -e 's|@autoconf-name[@]|'`echo autoconf | sed 's,x,x,'`'|g' -e 's|@autoheader-name[@]|'`echo autoheader | sed 's,x,x,'`'|g' -e 's|@autom4te-name[@]|'`echo autom4te | sed 's,x,x,'`'|g' -e 's|@M4[@]|/work/out/host/bin/m4|g' -e 's|@M4_DEBUGFILE[@]|--debugfile|g' -e 's|@M4_GNU[@]||g' -e 's|@AWK[@]|mawk|g' -e 's|@RELEASE_YEAR[@]|2023|g' -e 's|@VERSION[@]|2.72|g' -e 's|@PACKAGE_NAME[@]|GNU Autoconf|g' -e 's|@configure_input[@]|Generated from bin/ifnames.in; do not edit by hand.|g' ${srcdir}bin/ifnames.in >bin/ifnames.tmp
chmod +x bin/autoscan.tmp
chmod a-w bin/autoscan.tmp
chmod +x bin/autoupdate.tmp
chmod a-w lib/autom4te.cfg-t
mv bin/autoscan.tmp bin/autoscan
chmod a-w bin/autoupdate.tmp
mv -f lib/autom4te.cfg-t lib/autom4te.cfg
if test 'no' != no; then \
  am__dir=. am__subdir_includes=''; \
  case lib/emacs/autoconf-mode.elc in */*) \
    am__dir=`echo 'lib/emacs/autoconf-mode.elc' | sed 's,/[^/]*$,,'`; \
    am__subdir_includes="-L $am__dir -L ./$am__dir"; \
  esac; \
  test -d "$am__dir" || /usr/bin/mkdir -p "$am__dir" || exit 1; \
  no --batch \
      \
    $am__subdir_includes -L . -L . \
    --eval '(if (boundp (quote byte-compile-dest-file-function)) (setq byte-compile-dest-file-function (lambda (_) "lib/emacs/autoconf-mode.elc")) (defun byte-compile-dest-file (_) "lib/emacs/autoconf-mode.elc") )' \
    -f batch-byte-compile 'lib/emacs/autoconf-mode.el'; \
else :; fi
chmod +x bin/ifnames.tmp
mv bin/autoupdate.tmp bin/autoupdate
if test 'no' != no; then \
  am__dir=. am__subdir_includes=''; \
  case lib/emacs/autotest-mode.elc in */*) \
    am__dir=`echo 'lib/emacs/autotest-mode.elc' | sed 's,/[^/]*$,,'`; \
    am__subdir_includes="-L $am__dir -L ./$am__dir"; \
  esac; \
  test -d "$am__dir" || /usr/bin/mkdir -p "$am__dir" || exit 1; \
  no --batch \
      \
    $am__subdir_includes -L . -L . \
    --eval '(if (boundp (quote byte-compile-dest-file-function)) (setq byte-compile-dest-file-function (lambda (_) "lib/emacs/autotest-mode.elc")) (defun byte-compile-dest-file (_) "lib/emacs/autotest-mode.elc") )' \
    -f batch-byte-compile 'lib/emacs/autotest-mode.el'; \
else :; fi
chmod a-w bin/ifnames.tmp
autom4te_perllibdir='.'/lib AUTOM4TE_CFG='lib/autom4te.cfg'         bin/autom4te -B ''lib -B '.'/lib         --language=M4sh ./tests/wrapper.as -o tests/wrapper.in
/usr/bin/mkdir -p lib/autoconf
/usr/bin/mkdir -p lib/autoscan
mv bin/ifnames.tmp bin/ifnames
lang=`echo 'lib/autoconf/autoconf' | sed 's,.*/,,'` \
  && if test $lang = autoconf; then \
       lang=autoconf-without-aclocal-m4; \
     else :; fi \
  && autom4te_perllibdir='.'/lib AUTOM4TE_CFG='lib/autom4te.cfg'         bin/autom4te -B ''lib -B '.'/lib         \
	--language=$lang \
	--freeze \
	--output=lib/autoconf/autoconf.m4f
echo '# Automatically Generated: do not edit this file' >lib/autoscan/autoscan.list
/usr/bin/mkdir -p lib/autotest
sed '/^[#]/!q' ./lib/autoscan/autoscan.pre >>lib/autoscan/autoscan.list
lang=`echo 'lib/autotest/autotest' | sed 's,.*/,,'` \
  && if test $lang = autoconf; then \
       lang=autoconf-without-aclocal-m4; \
     else :; fi \
  && autom4te_perllibdir='.'/lib AUTOM4TE_CFG='lib/autom4te.cfg'         bin/autom4te -B ''lib -B '.'/lib         \
	--language=$lang \
	--freeze \
	--output=lib/autotest/autotest.m4f
( \
  sed -n '/^[^#]/p' ./lib/autoscan/autoscan.pre; \
  autom4te_perllibdir='.'/lib AUTOM4TE_CFG='lib/autom4te.cfg'         bin/autom4te -B ''lib -B '.'/lib         --cache '' -M -l autoconf-without-aclocal-m4 \
    -t'AN_OUTPUT:$1: $2		$3' \
) | LC_ALL=C sort >>lib/autoscan/autoscan.list
/usr/bin/mkdir -p lib/m4sugar
lang=`echo 'lib/m4sugar/m4sugar' | sed 's,.*/,,'` \
  && if test $lang = autoconf; then \
       lang=autoconf-without-aclocal-m4; \
     else :; fi \
  && autom4te_perllibdir='.'/lib AUTOM4TE_CFG='lib/autom4te.cfg'         bin/autom4te -B ''lib -B '.'/lib         \
	--language=$lang \
	--freeze \
	--output=lib/m4sugar/m4sugar.m4f
/usr/bin/mkdir -p lib/m4sugar
rm -f tests/autoconf tests/autoconf.tmp
lang=`echo 'lib/m4sugar/m4sh' | sed 's,.*/,,'` \
  && if test $lang = autoconf; then \
       lang=autoconf-without-aclocal-m4; \
     else :; fi \
  && autom4te_perllibdir='.'/lib AUTOM4TE_CFG='lib/autom4te.cfg'         bin/autom4te -B ''lib -B '.'/lib         \
	--language=$lang \
	--freeze \
	--output=lib/m4sugar/m4sh.m4f
input=tests/wrapper.in \
  && sed -e 's|@wrap_program[@]|autoconf|g' -e 's|@abs_top_srcdir[@]|/work/out/build/host-autoconf-2.72|g' -e 's|@abs_top_builddir[@]|/work/out/build/host-autoconf-2.72|g' -e "s|@configure_input[@]|Generated from $input.|g" tests/wrapper.in >tests/autoconf.tmp
chmod +x tests/autoconf.tmp
chmod a-w tests/autoconf.tmp
mv -f tests/autoconf.tmp tests/autoconf
rm -f tests/autoheader tests/autoheader.tmp
input=tests/wrapper.in \
  && sed -e 's|@wrap_program[@]|autoheader|g' -e 's|@abs_top_srcdir[@]|/work/out/build/host-autoconf-2.72|g' -e 's|@abs_top_builddir[@]|/work/out/build/host-autoconf-2.72|g' -e "s|@configure_input[@]|Generated from $input.|g" tests/wrapper.in >tests/autoheader.tmp
chmod +x tests/autoheader.tmp
chmod a-w tests/autoheader.tmp
mv -f tests/autoheader.tmp tests/autoheader
rm -f tests/autom4te tests/autom4te.tmp
input=tests/wrapper.in \
  && sed -e 's|@wrap_program[@]|autom4te|g' -e 's|@abs_top_srcdir[@]|/work/out/build/host-autoconf-2.72|g' -e 's|@abs_top_builddir[@]|/work/out/build/host-autoconf-2.72|g' -e "s|@configure_input[@]|Generated from $input.|g" tests/wrapper.in >tests/autom4te.tmp
chmod +x tests/autom4te.tmp
chmod a-w tests/autom4te.tmp
mv -f tests/autom4te.tmp tests/autom4te
rm -f tests/autoreconf tests/autoreconf.tmp
input=tests/wrapper.in \
  && sed -e 's|@wrap_program[@]|autoreconf|g' -e 's|@abs_top_srcdir[@]|/work/out/build/host-autoconf-2.72|g' -e 's|@abs_top_builddir[@]|/work/out/build/host-autoconf-2.72|g' -e "s|@configure_input[@]|Generated from $input.|g" tests/wrapper.in >tests/autoreconf.tmp
chmod +x tests/autoreconf.tmp
chmod a-w tests/autoreconf.tmp
mv -f tests/autoreconf.tmp tests/autoreconf
rm -f tests/autoscan tests/autoscan.tmp
input=tests/wrapper.in \
  && sed -e 's|@wrap_program[@]|autoscan|g' -e 's|@abs_top_srcdir[@]|/work/out/build/host-autoconf-2.72|g' -e 's|@abs_top_builddir[@]|/work/out/build/host-autoconf-2.72|g' -e "s|@configure_input[@]|Generated from $input.|g" tests/wrapper.in >tests/autoscan.tmp
rm -f tests/autoupdate tests/autoupdate.tmp
input=tests/wrapper.in \
  && sed -e 's|@wrap_program[@]|autoupdate|g' -e 's|@abs_top_srcdir[@]|/work/out/build/host-autoconf-2.72|g' -e 's|@abs_top_builddir[@]|/work/out/build/host-autoconf-2.72|g' -e "s|@configure_input[@]|Generated from $input.|g" tests/wrapper.in >tests/autoupdate.tmp
chmod +x tests/autoscan.tmp
chmod a-w tests/autoscan.tmp
mv -f tests/autoscan.tmp tests/autoscan
chmod +x tests/autoupdate.tmp
chmod a-w tests/autoupdate.tmp
rm -f tests/ifnames tests/ifnames.tmp
input=tests/wrapper.in \
  && sed -e 's|@wrap_program[@]|ifnames|g' -e 's|@abs_top_srcdir[@]|/work/out/build/host-autoconf-2.72|g' -e 's|@abs_top_builddir[@]|/work/out/build/host-autoconf-2.72|g' -e "s|@configure_input[@]|Generated from $input.|g" tests/wrapper.in >tests/ifnames.tmp
mv -f tests/autoupdate.tmp tests/autoupdate
chmod +x tests/ifnames.tmp
chmod a-w tests/ifnames.tmp
mv -f tests/ifnames.tmp tests/ifnames
make[2]: Leaving directory '/work/out/build/host-autoconf-2.72'
make[1]: Leaving directory '/work/out/build/host-autoconf-2.72'
>>> host-autoconf 2.72 Installing to host directory
GIT_DIR=. PATH="/work/out/host/bin:/work/out/host/sbin:/usr/local/sbin:/usr/local/bin:/usr/sbin:/usr/bin:/sbin:/bin" PKG_CONFIG="/work/out/host/bin/pkg-config" PKG_CONFIG_SYSROOT_DIR="/" PKG_CONFIG_ALLOW_SYSTEM_CFLAGS=1 PKG_CONFIG_ALLOW_SYSTEM_LIBS=1 PKG_CONFIG_LIBDIR="/work/out/host/lib/pkgconfig:/work/out/host/share/pkgconfig"  /usr/bin/make  install -C /work/out/build/host-autoconf-2.72/
make[1]: Entering directory '/work/out/build/host-autoconf-2.72'
/usr/bin/make  install-am
make[2]: Entering directory '/work/out/build/host-autoconf-2.72'
if test 'no' != no; then \
  am__dir=. am__subdir_includes=''; \
  case lib/emacs/autoconf-mode.elc in */*) \
    am__dir=`echo 'lib/emacs/autoconf-mode.elc' | sed 's,/[^/]*$,,'`; \
    am__subdir_includes="-L $am__dir -L ./$am__dir"; \
  esac; \
  test -d "$am__dir" || /usr/bin/mkdir -p "$am__dir" || exit 1; \
  no --batch \
      \
    $am__subdir_includes -L . -L . \
    --eval '(if (boundp (quote byte-compile-dest-file-function)) (setq byte-compile-dest-file-function (lambda (_) "lib/emacs/autoconf-mode.elc")) (defun byte-compile-dest-file (_) "lib/emacs/autoconf-mode.elc") )' \
    -f batch-byte-compile 'lib/emacs/autoconf-mode.el'; \
else :; fi
if test 'no' != no; then \
  am__dir=. am__subdir_includes=''; \
  case lib/emacs/autotest-mode.elc in */*) \
    am__dir=`echo 'lib/emacs/autotest-mode.elc' | sed 's,/[^/]*$,,'`; \
    am__subdir_includes="-L $am__dir -L ./$am__dir"; \
  esac; \
  test -d "$am__dir" || /usr/bin/mkdir -p "$am__dir" || exit 1; \
  no --batch \
      \
    $am__subdir_includes -L . -L . \
    --eval '(if (boundp (quote byte-compile-dest-file-function)) (setq byte-compile-dest-file-function (lambda (_) "lib/emacs/autotest-mode.elc")) (defun byte-compile-dest-file (_) "lib/emacs/autotest-mode.elc") )' \
    -f batch-byte-compile 'lib/emacs/autotest-mode.el'; \
else :; fi
make[3]: Entering directory '/work/out/build/host-autoconf-2.72'
 /usr/bin/mkdir -p '/work/out/host/bin'
 /usr/bin/mkdir -p '/work/out/host/share/autoconf/autoconf'
 /usr/bin/mkdir -p '/work/out/host/share/autoconf/autotest'
 /usr/bin/mkdir -p '/work/out/host/share/autoconf/build-aux'
 /usr/bin/install -c bin/autoconf bin/autoheader bin/autom4te bin/autoreconf bin/autoscan bin/autoupdate bin/ifnames '/work/out/host/bin'
 /usr/bin/install -c -m 644 lib/autotest/autotest.m4 lib/autotest/general.m4 lib/autotest/specific.m4 '/work/out/host/share/autoconf/autotest'
 /usr/bin/install -c -m 644 lib/autoconf/autoconf.m4 lib/autoconf/general.m4 lib/autoconf/status.m4 lib/autoconf/oldnames.m4 lib/autoconf/specific.m4 lib/autoconf/autoheader.m4 lib/autoconf/autoupdate.m4 lib/autoconf/autotest.m4 lib/autoconf/autoscan.m4 lib/autoconf/lang.m4 lib/autoconf/c.m4 lib/autoconf/erlang.m4 lib/autoconf/fortran.m4 lib/autoconf/functions.m4 lib/autoconf/go.m4 lib/autoconf/headers.m4 lib/autoconf/types.m4 lib/autoconf/libs.m4 lib/autoconf/programs.m4 lib/autoconf/trailer.m4 '/work/out/host/share/autoconf/autoconf'
 /usr/bin/install -c -m 644 build-aux/config.guess build-aux/config.sub build-aux/install-sh '/work/out/host/share/autoconf/build-aux'
if test 'no' != no; then \
  am__dir=. am__subdir_includes=''; \
  case lib/emacs/autoconf-mode.elc in */*) \
    am__dir=`echo 'lib/emacs/autoconf-mode.elc' | sed 's,/[^/]*$,,'`; \
    am__subdir_includes="-L $am__dir -L ./$am__dir"; \
  esac; \
  test -d "$am__dir" || /usr/bin/mkdir -p "$am__dir" || exit 1; \
  no --batch \
      \
    $am__subdir_includes -L . -L . \
    --eval '(if (boundp (quote byte-compile-dest-file-function)) (setq byte-compile-dest-file-function (lambda (_) "lib/emacs/autoconf-mode.elc")) (defun byte-compile-dest-file (_) "lib/emacs/autoconf-mode.elc") )' \
    -f batch-byte-compile 'lib/emacs/autoconf-mode.el'; \
else :; fi
if test 'no' != no; then \
  am__dir=. am__subdir_includes=''; \
  case lib/emacs/autotest-mode.elc in */*) \
    am__dir=`echo 'lib/emacs/autotest-mode.elc' | sed 's,/[^/]*$,,'`; \
    am__subdir_includes="-L $am__dir -L ./$am__dir"; \
  esac; \
  test -d "$am__dir" || /usr/bin/mkdir -p "$am__dir" || exit 1; \
  no --batch \
      \
    $am__subdir_includes -L . -L . \
    --eval '(if (boundp (quote byte-compile-dest-file-function)) (setq byte-compile-dest-file-function (lambda (_) "lib/emacs/autotest-mode.elc")) (defun byte-compile-dest-file (_) "lib/emacs/autotest-mode.elc") )' \
    -f batch-byte-compile 'lib/emacs/autotest-mode.el'; \
else :; fi
 /usr/bin/mkdir -p '/work/out/host/share/autoconf/m4sugar'
 /usr/bin/mkdir -p '/work/out/host/share/autoconf/Autom4te'
 /usr/bin/install -c -m 644 lib/m4sugar/m4sugar.m4 lib/m4sugar/foreach.m4 lib/m4sugar/m4sh.m4 '/work/out/host/share/autoconf/m4sugar'
 /usr/bin/install -c -m 644 lib/Autom4te/C4che.pm lib/Autom4te/ChannelDefs.pm lib/Autom4te/Channels.pm lib/Autom4te/Config.pm lib/Autom4te/Configure_ac.pm lib/Autom4te/FileUtils.pm lib/Autom4te/General.pm lib/Autom4te/Getopt.pm lib/Autom4te/Request.pm lib/Autom4te/XFile.pm '/work/out/host/share/autoconf/Autom4te'
 /usr/bin/mkdir -p '/work/out/host/share/info'
 /usr/bin/mkdir -p '/work/out/host/share/man/man1'
 /usr/bin/mkdir -p '/work/out/host/share/autoconf/autoconf'
 /usr/bin/mkdir -p '/work/out/host/share/autoconf/autoscan'
 /usr/bin/install -c -m 644 man/autoconf.1 man/autoheader.1 man/autom4te.1 man/autoreconf.1 man/autoscan.1 man/autoupdate.1 man/ifnames.1 '/work/out/host/share/man/man1'
 /usr/bin/install -c -m 644 lib/autoscan/autoscan.list '/work/out/host/share/autoconf/autoscan'
 /usr/bin/install -c -m 644 ./doc/autoconf.info ./doc/standards.info '/work/out/host/share/info'
 /usr/bin/install -c -m 644 lib/autoconf/autoconf.m4f '/work/out/host/share/autoconf/autoconf'
 /usr/bin/mkdir -p '/work/out/host/share/autoconf/autotest'
 /usr/bin/mkdir -p '/work/out/host/share/autoconf/m4sugar'
 /usr/bin/mkdir -p '/work/out/host/share/autoconf'
 /usr/bin/mkdir -p '/work/out/host/share/autoconf'
 /usr/bin/install -c -m 644 lib/autotest/autotest.m4f '/work/out/host/share/autoconf/autotest'
 /usr/bin/install -c -m 644 lib/m4sugar/m4sugar.m4f lib/m4sugar/m4sh.m4f '/work/out/host/share/autoconf/m4sugar'
 /usr/bin/install -c -m 644 lib/autom4te.cfg lib/version.m4 '/work/out/host/share/autoconf'
 /usr/bin/install -c -m 644 ./INSTALL '/work/out/host/share/autoconf'
/usr/bin/make  install-data-hook
make[4]: Entering directory '/work/out/build/host-autoconf-2.72'
for s in build-aux/config.guess build-aux/config.sub build-aux/install-sh; do \
  chmod +x "/work/out/host/share/autoconf/$s"; \
done
make[4]: Leaving directory '/work/out/build/host-autoconf-2.72'
make[3]: Leaving directory '/work/out/build/host-autoconf-2.72'
make[2]: Leaving directory '/work/out/build/host-autoconf-2.72'
make[1]: Leaving directory '/work/out/build/host-autoconf-2.72'
>>> host-automake 1.16.5 Downloading
wget -nd -t 3 -O '/work/out/build/.automake-1.16.5.tar.xz.7265TP/output' 'https://ftpmirror.gnu.org/automake/automake-1.16.5.tar.xz' 
--2026-06-18 21:51:32--  https://ftpmirror.gnu.org/automake/automake-1.16.5.tar.xz
Resolving ftpmirror.gnu.org (ftpmirror.gnu.org)... 209.51.188.200
Connecting to ftpmirror.gnu.org (ftpmirror.gnu.org)|209.51.188.200|:443... connected.
HTTP request sent, awaiting response... 302 Moved Temporarily
Location: https://mirror.ihost.md/gnu/automake/automake-1.16.5.tar.xz [following]
--2026-06-18 21:51:33--  https://mirror.ihost.md/gnu/automake/automake-1.16.5.tar.xz
Resolving mirror.ihost.md (mirror.ihost.md)... 31.131.0.222
Connecting to mirror.ihost.md (mirror.ihost.md)|31.131.0.222|:443... connected.
HTTP request sent, awaiting response... 200 OK
Length: 1601740 (1.5M) [application/x-xz]
Saving to: '/work/out/build/.automake-1.16.5.tar.xz.7265TP/output'

     0K .......... .......... .......... .......... ..........  3%  298K 5s
    50K .......... .......... .......... .......... ..........  6%  611K 4s
   100K .......... .......... .......... .......... ..........  9% 25.0M 2s
   150K .......... .......... .......... .......... .......... 12%  610K 2s
   200K .......... .......... .......... .......... .......... 15% 19.8M 2s
   250K .......... .......... .......... .......... .......... 19% 37.8M 1s
   300K .......... .......... .......... .......... .......... 22% 26.5M 1s
   350K .......... .......... .......... .......... .......... 25% 29.9M 1s
   400K .......... .......... .......... .......... .......... 28%  617K 1s
   450K .......... .......... .......... .......... .......... 31% 23.3M 1s
   500K .......... .......... .......... .......... .......... 35% 34.6M 1s
   550K .......... .......... .......... .......... .......... 38% 24.3M 1s
   600K .......... .......... .......... .......... .......... 41% 24.8M 1s
   650K .......... .......... .......... .......... .......... 44% 18.5M 1s
   700K .......... .......... .......... .......... .......... 47% 25.5M 0s
   750K .......... .......... .......... .......... .......... 51% 30.0M 0s
   800K .......... .......... .......... .......... .......... 54% 39.6M 0s
   850K .......... .......... .......... .......... .......... 57%  609K 0s
   900K .......... .......... .......... .......... .......... 60% 26.2M 0s
   950K .......... .......... .......... .......... .......... 63% 26.9M 0s
  1000K .......... .......... .......... .......... .......... 67% 17.6M 0s
  1050K .......... .......... .......... .......... .......... 70% 83.0M 0s
  1100K .......... .......... .......... .......... .......... 73% 23.1M 0s
  1150K .......... .......... .......... .......... .......... 76% 22.7M 0s
  1200K .......... .......... .......... .......... .......... 79% 15.8M 0s
  1250K .......... .......... .......... .......... .......... 83% 39.8M 0s
  1300K .......... .......... .......... .......... .......... 86% 35.0M 0s
  1350K .......... .......... .......... .......... .......... 89%  298K 0s
  1400K .......... .......... .......... .......... .......... 92%  598K 0s
  1450K .......... .......... .......... .......... .......... 95%  408K 0s
  1500K .......... .......... .......... .......... .......... 99%  595K 0s
  1550K .......... ....                                       100%  109M=1.0s

2026-06-18 21:51:34 (1.54 MB/s) - '/work/out/build/.automake-1.16.5.tar.xz.7265TP/output' saved [1601740/1601740]

automake-1.16.5.tar.xz: OK (sha256: f01d58cd6d9d77fbdca9eb4bbd5ead1988228fdb73d6f7a201f5f8d6b118b469)
>>> host-automake 1.16.5 Extracting
xzcat /dl/automake/automake-1.16.5.tar.xz | tar --strip-components=1 -C /work/out/build/host-automake-1.16.5   -xf -
>>> host-automake 1.16.5 Patching

Applying 0001-noman.patch using patch: 
patching file Makefile.in
Hunk #1 succeeded at 3415 (offset 28 lines).
Hunk #2 succeeded at 3482 (offset 28 lines).
>>> host-automake 1.16.5 Updating config.sub and config.guess
for file in config.guess config.sub; do for i in $(find /work/out/build/host-automake-1.16.5 -name $file); do cp support/gnuconfig/$file $i; done; done
>>> host-automake 1.16.5 Patching libtool
>>> host-automake 1.16.5 Configuring
(cd /work/out/build/host-automake-1.16.5/ && rm -rf config.cache; GIT_DIR=. PATH="/work/out/host/bin:/work/out/host/sbin:/usr/local/sbin:/usr/local/bin:/usr/sbin:/usr/bin:/sbin:/bin" PKG_CONFIG="/work/out/host/bin/pkg-config" PKG_CONFIG_SYSROOT_DIR="/" PKG_CONFIG_ALLOW_SYSTEM_CFLAGS=1 PKG_CONFIG_ALLOW_SYSTEM_LIBS=1 PKG_CONFIG_LIBDIR="/work/out/host/lib/pkgconfig:/work/out/host/share/pkgconfig" AR="/usr/bin/ar" AS="/usr/bin/as" LD="/usr/bin/ld" NM="/usr/bin/nm" CC="/usr/bin/gcc" GCC="/usr/bin/gcc" CXX="/usr/bin/g++" CPP="/usr/bin/cpp" OBJCOPY="/usr/bin/objcopy" RANLIB="/usr/bin/ranlib" CPPFLAGS="-I/work/out/host/include" CFLAGS="-O2 -I/work/out/host/include" CXXFLAGS="-O2 -I/work/out/host/include" LDFLAGS="-L/work/out/host/lib -Wl,-rpath,/work/out/host/lib" INTLTOOL_PERL=/usr/bin/perl CFLAGS="-O2 -I/work/out/host/include" LDFLAGS="-L/work/out/host/lib -Wl,-rpath,/work/out/host/lib"  CONFIG_SITE=/dev/null ./configure --prefix="/work/out/host" --sysconfdir="/work/out/host/etc" --localstatedir="/work/out/host/var" --enable-shared --disable-static --disable-gtk-doc --disable-gtk-doc-html --disable-doc --disable-docs --disable-documentation --disable-debug --with-xmlto=no --with-fop=no --disable-nls --disable-dependency-tracking   )
configure: WARNING: unrecognized options: --enable-shared, --disable-static, --disable-gtk-doc, --disable-gtk-doc-html, --disable-doc, --disable-docs, --disable-documentation, --disable-debug, --with-xmlto, --with-fop, --disable-nls, --disable-dependency-tracking
checking whether make supports nested variables... yes
checking build system type... aarch64-unknown-linux-gnu
checking host system type... aarch64-unknown-linux-gnu
checking for a BSD-compatible install... /usr/bin/install -c
checking whether build environment is sane... yes
checking for a race-free mkdir -p... /usr/bin/mkdir -p
checking for gawk... no
checking for mawk... mawk
checking whether make sets $(MAKE)... yes
checking whether ln -s works... yes
checking for perl... /usr/bin/perl
checking for tex... no
checking for yacc... yacc
checking for lex... lex
checking whether autoconf is installed... yes
checking whether autoconf works... yes
checking whether autoconf is recent enough... yes
checking whether ln works... yes
checking for grep that handles long lines and -e... /usr/bin/grep
checking for egrep... /usr/bin/grep -E
checking for fgrep... /usr/bin/grep -F
configure: will now look for a sturdy POSIX shell, for our testsuite
checking for sh... /usr/bin/sh
checking for sh5... no
checking for dash... /usr/bin/dash
checking for ash... no
checking for bash... /usr/bin/bash
checking for zsh... no
checking for ksh... no
checking for pdksh... no
checking whether /bin/bash supports $(cmd)... yes
checking whether /bin/bash supports $((expr))... yes
checking whether /bin/bash supports ${#var}... yes
checking whether /bin/bash supports ${var#glob} and ${var%glob}... yes
checking whether /bin/bash preserves exit traps with "set -e"... yes
checking whether /bin/bash can define exit traps in a shell function... yes
checking whether /bin/bash corrupts stderr with "set -x"... no
checking whether /bin/bash can return early from "dot-sourced" files... yes
checking whether /bin/bash supports alias named like shell builtins... yes
checking whether /bin/bash supports "test -e"... yes
configure: shell /bin/bash is good enough, stop looking
configure: will use /bin/bash as the testsuite shell
configure: will now look for generic compilers
checking whether the C compiler works... yes
checking for C compiler default output file name... a.out
checking for suffix of executables... 
checking whether we are cross compiling... no
checking for suffix of object files... o
checking whether the compiler supports GNU C... yes
checking whether /usr/bin/gcc accepts -g... yes
checking for /usr/bin/gcc option to enable C11 features... none needed
checking whether /usr/bin/gcc understands -c and -o together... yes
checking whether the C++ compiler works... yes
checking for C++ compiler default output file name... a.out
checking for suffix of executables... 
checking whether we are cross compiling... no
checking for suffix of object files... o
checking whether the compiler supports GNU C++... yes
checking whether /usr/bin/g++ accepts -g... yes
checking for /usr/bin/g++ option to enable C++11 features... none needed
checking for xlf95... no
checking for f95... no
checking for fort... no
checking for ifort... no
checking for ifc... no
checking for efc... no
checking for pgfortran... no
checking for pgf95... no
checking for lf95... no
checking for ftn... no
checking for nagfor... no
checking for xlf90... no
checking for f90... no
checking for armflang... no
checking for flang... no
checking for pgf90... no
checking for pghpf... no
checking for epcf90... no
checking for g95... no
checking for gfortran... no
checking whether the Fortran compiler works... no
configure: WARNING: Fortran compiler cannot create executables
configure: tests requiring the Fortran compiler will be skipped
checking for xlf... no
checking for f77... no
checking for frt... no
checking for pgf77... no
checking for cf77... no
checking for fort77... no
checking for fl32... no
checking for af77... no
checking for g77... no
checking for armflang... no
checking for flang... no
checking for gfortran... no
checking whether the Fortran 77 compiler works... no
configure: WARNING: Fortran 77 compiler cannot create executables
configure: tests requiring the Fortran 77 compiler will be skipped
configure: will now look for GNU compilers
configure: /usr/bin/gcc is already a GNU C compiler
configure: /usr/bin/g++ is already a GNU C++ compiler
checking for gfortran... no
checking for g77... no
checking for gfortran... no
checking for gcj... no
checking that generated files are newer than configure... done
configure: creating ./config.status
config.status: creating Makefile
config.status: creating pre-inst-env
configure: WARNING: unrecognized options: --enable-shared, --disable-static, --disable-gtk-doc, --disable-gtk-doc-html, --disable-doc, --disable-docs, --disable-documentation, --disable-debug, --with-xmlto, --with-fop, --disable-nls, --disable-dependency-tracking
>>> host-automake 1.16.5 Building
GIT_DIR=. PATH="/work/out/host/bin:/work/out/host/sbin:/usr/local/sbin:/usr/local/bin:/usr/sbin:/usr/bin:/sbin:/bin" PKG_CONFIG="/work/out/host/bin/pkg-config" PKG_CONFIG_SYSROOT_DIR="/" PKG_CONFIG_ALLOW_SYSTEM_CFLAGS=1 PKG_CONFIG_ALLOW_SYSTEM_LIBS=1 PKG_CONFIG_LIBDIR="/work/out/host/lib/pkgconfig:/work/out/host/share/pkgconfig"  /usr/bin/make   -C /work/out/build/host-automake-1.16.5/
make[1]: Entering directory '/work/out/build/host-automake-1.16.5'
  GEN      bin/automake
  GEN      bin/aclocal
  GEN      t/ax/shell-no-trail-bslash
  GEN      t/ax/cc-no-c-o
  GEN      runtest
  GEN      t/ax/test-defs.sh
  GEN      lib/Automake/Config.pm
  GEN      bin/aclocal-1.16
  GEN      bin/automake-1.16
make[1]: Leaving directory '/work/out/build/host-automake-1.16.5'
>>> host-automake 1.16.5 Installing to host directory
GIT_DIR=. PATH="/work/out/host/bin:/work/out/host/sbin:/usr/local/sbin:/usr/local/bin:/usr/sbin:/usr/bin:/sbin:/bin" PKG_CONFIG="/work/out/host/bin/pkg-config" PKG_CONFIG_SYSROOT_DIR="/" PKG_CONFIG_ALLOW_SYSTEM_CFLAGS=1 PKG_CONFIG_ALLOW_SYSTEM_LIBS=1 PKG_CONFIG_LIBDIR="/work/out/host/lib/pkgconfig:/work/out/host/share/pkgconfig"  /usr/bin/make  install -C /work/out/build/host-automake-1.16.5/
make[1]: Entering directory '/work/out/build/host-automake-1.16.5'
make[2]: Entering directory '/work/out/build/host-automake-1.16.5'
 /usr/bin/mkdir -p '/work/out/host/bin'
 /usr/bin/mkdir -p '/work/out/host/share/automake-1.16/am'
 /usr/bin/mkdir -p '/work/out/host/share/aclocal-1.16'
 /usr/bin/install -c bin/automake bin/aclocal '/work/out/host/bin'
 /usr/bin/mkdir -p '/work/out/host/share/aclocal-1.16/internal'
 /usr/bin/install -c -m 644 lib/am/check.am lib/am/check2.am lib/am/clean-hdr.am lib/am/clean.am lib/am/compile.am lib/am/configure.am lib/am/data.am lib/am/dejagnu.am lib/am/depend.am lib/am/depend2.am lib/am/distdir.am lib/am/footer.am lib/am/header-vars.am lib/am/header.am lib/am/install.am lib/am/inst-vars.am lib/am/java.am lib/am/lang-compile.am lib/am/lex.am lib/am/library.am lib/am/libs.am lib/am/libtool.am lib/am/lisp.am lib/am/ltlib.am lib/am/ltlibrary.am lib/am/mans-vars.am lib/am/mans.am lib/am/program.am lib/am/progs.am lib/am/python.am lib/am/remake-hdr.am lib/am/scripts.am lib/am/subdirs.am lib/am/tags.am lib/am/texi-vers.am lib/am/texibuild.am lib/am/texinfos.am lib/am/vala.am lib/am/yacc.am '/work/out/host/share/automake-1.16/am'
 /usr/bin/install -c -m 644 m4/amversion.m4 m4/ar-lib.m4 m4/as.m4 m4/auxdir.m4 m4/cond.m4 m4/cond-if.m4 m4/depend.m4 m4/depout.m4 m4/dmalloc.m4 m4/extra-recurs.m4 m4/gcj.m4 m4/init.m4 m4/install-sh.m4 m4/lead-dot.m4 m4/lex.m4 m4/lispdir.m4 m4/maintainer.m4 m4/make.m4 m4/missing.m4 m4/mkdirp.m4 m4/obsolete.m4 m4/options.m4 m4/python.m4 m4/prog-cc-c-o.m4 m4/runlog.m4 m4/sanity.m4 m4/silent.m4 m4/strip.m4 m4/substnot.m4 m4/tar.m4 m4/upc.m4 m4/vala.m4 '/work/out/host/share/aclocal-1.16'
 /usr/bin/install -c -m 644 m4/internal/ac-config-macro-dirs.m4 '/work/out/host/share/aclocal-1.16/internal'
 /usr/bin/mkdir -p '/work/out/host/share/doc/automake'
 /usr/bin/mkdir -p '/work/out/host/share/automake-1.16/Automake'
 /usr/bin/install -c -m 644 ./doc/amhello-1.0.tar.gz '/work/out/host/share/doc/automake'
 /usr/bin/install -c -m 644 lib/Automake/ChannelDefs.pm lib/Automake/Channels.pm lib/Automake/Condition.pm lib/Automake/Configure_ac.pm lib/Automake/DisjConditions.pm lib/Automake/FileUtils.pm lib/Automake/General.pm lib/Automake/Getopt.pm lib/Automake/Item.pm lib/Automake/ItemDef.pm lib/Automake/Language.pm lib/Automake/Location.pm lib/Automake/Options.pm lib/Automake/Rule.pm lib/Automake/RuleDef.pm lib/Automake/Variable.pm lib/Automake/VarDef.pm lib/Automake/Version.pm lib/Automake/XFile.pm lib/Automake/Wrap.pm '/work/out/host/share/automake-1.16/Automake'
 /usr/bin/mkdir -p '/work/out/host/share/automake-1.16'
 /usr/bin/install -c -m 644 lib/COPYING lib/INSTALL lib/texinfo.tex '/work/out/host/share/automake-1.16'
 /usr/bin/mkdir -p '/work/out/host/share/automake-1.16'
 /usr/bin/mkdir -p '/work/out/host/share/aclocal'
 /usr/bin/install -c -m 644 lib/config.guess lib/config.sub lib/install-sh lib/mdate-sh lib/missing lib/mkinstalldirs lib/ylwrap lib/depcomp lib/compile lib/py-compile lib/ar-lib lib/test-driver lib/tap-driver.sh '/work/out/host/share/automake-1.16'
 /usr/bin/install -c -m 644 m4/acdir/README '/work/out/host/share/aclocal'
 /usr/bin/mkdir -p '/work/out/host/share/automake-1.16/Automake'
 /usr/bin/mkdir -p '/work/out/host/share/info'
/usr/bin/make  install-exec-hook
 /usr/bin/install -c -m 644 lib/Automake/Config.pm '/work/out/host/share/automake-1.16/Automake'
 /usr/bin/install -c -m 644 ./doc/automake.info ./doc/automake.info-1 ./doc/automake.info-2 ./doc/automake-history.info '/work/out/host/share/info'
make[3]: Entering directory '/work/out/build/host-automake-1.16.5'
/usr/bin/make  install-data-hook
make[3]: Entering directory '/work/out/build/host-automake-1.16.5'
 ln '/work/out/host/bin/automake' '/work/out/host/bin/automake-1.16'
 ln '/work/out/host/bin/aclocal' '/work/out/host/bin/aclocal-1.16'
make[3]: Leaving directory '/work/out/build/host-automake-1.16.5'
 chmod +x '/work/out/host/share/automake-1.16/config.guess'
 chmod +x '/work/out/host/share/automake-1.16/config.sub'
 chmod +x '/work/out/host/share/automake-1.16/install-sh'
 chmod +x '/work/out/host/share/automake-1.16/mdate-sh'
 chmod +x '/work/out/host/share/automake-1.16/missing'
 chmod +x '/work/out/host/share/automake-1.16/mkinstalldirs'
 chmod +x '/work/out/host/share/automake-1.16/ylwrap'
 chmod +x '/work/out/host/share/automake-1.16/depcomp'
 chmod +x '/work/out/host/share/automake-1.16/compile'
 chmod +x '/work/out/host/share/automake-1.16/py-compile'
 chmod +x '/work/out/host/share/automake-1.16/ar-lib'
 chmod +x '/work/out/host/share/automake-1.16/test-driver'
 chmod +x '/work/out/host/share/automake-1.16/tap-driver.sh'
make[3]: Leaving directory '/work/out/build/host-automake-1.16.5'
make[2]: Leaving directory '/work/out/build/host-automake-1.16.5'
make[1]: Leaving directory '/work/out/build/host-automake-1.16.5'
/usr/bin/install -D -m 0644 package/automake/gtk-doc.m4 /work/out/host/share/aclocal/gtk-doc.m4
mkdir -p /work/out/host/aarch64-buildroot-linux-gnu/sysroot/usr/share/aclocal
>>> host-libzlib 1.3.1 Downloading
wget -nd -t 3 -O '/work/out/build/.zlib-1.3.1.tar.xz.n6Jaod/output' 'https://www.zlib.net/zlib-1.3.1.tar.xz' 
--2026-06-18 21:51:36--  https://www.zlib.net/zlib-1.3.1.tar.xz
Resolving www.zlib.net (www.zlib.net)... 85.187.148.2
Connecting to www.zlib.net (www.zlib.net)|85.187.148.2|:443... connected.
HTTP request sent, awaiting response... 404 Not Found
2026-06-18 21:51:37 ERROR 404: Not Found.

wget -nd -t 3 -O '/work/out/build/.zlib-1.3.1.tar.xz.z8LtEb/output' 'https://sources.buildroot.net/libzlib/zlib-1.3.1.tar.xz' 
--2026-06-18 21:51:37--  https://sources.buildroot.net/libzlib/zlib-1.3.1.tar.xz
Resolving sources.buildroot.net (sources.buildroot.net)... 8.6.112.0, 8.47.69.0
Connecting to sources.buildroot.net (sources.buildroot.net)|8.6.112.0|:443... connected.
HTTP request sent, awaiting response... 200 OK
Length: 1305740 (1.2M) [application/x-xz]
Saving to: '/work/out/build/.zlib-1.3.1.tar.xz.z8LtEb/output'

     0K .......... .......... ..